Sifon;Paño;Ciclo;Fecha_apil;Fecha_riego;Fecha_aporte;Vol_m3;Mineral_tms;H_(Bh)_%; Tcu_%;ASCu_%;CNCu_%;Ac. Correa_ton;Sal_Sól_ton;Sal_Salmu_ton ;P80_mm;Menos_-#100;H_(Bs)_%_I;RS_%_I;Tcu_%_I;ASCu_%_I;CNCu_%_I;Alt Paño_%_I;D. Acido_kg/t_I;Sal_Sól_kg/t_I;Sal_Salmu_kg/t_I;Sal_Total_kg/t_I;Reposo_dias;Reviente_dias;Menos_-100#_%_I;Ciclo_Max_dias;Reviente_dias_Calc;Ciclo_Max_dias_Calc;Dif_dias;HON_gpl_sup;CuON_gpl_sup;ClON_gpl_sup;T.riego_l/h/m2_sup;RLd_m3/t/d;RL_m3/t_sup;Rmax_%;;RCuT_%
;2;23;18-jun-21;02-jul-21;05-jul-21;46.373;91.225;3.4;0.682;0.286;0.256;1.221;1.214;;13.4;;3.5;79.5;621.8;261.3;233.1;3.7;13.4;13.3;0;13.3;14;3;0;170;3;170;0;9;0.8;22;6;0.02;3.38;28.1;0;28.1
;3;23;18-jun-21;02-jul-21;05-jul-21;88.839;150.679;4.39;0.582;0.221;0.236;2.553;2.148;;13.1;;4.6;78.5;876.5;332.7;354.9;7.1;16.9;14.3;0;14.3;14;3;0;170;3;170;0;9;0.8;22;6;0.012;2.05;28.6;0;28.6
;4;23;18-jun-21;02-jul-21;05-jul-21;80.849;138.722;3.48;0.561;0.119;0.319;2.441;2.11;;15.3;;3.6;78.1;777.8;165;442.3;6.4;17.6;15.2;0;15.2;14;3;0;170;3;170;0;9;0.8;22;6;0.013;2.22;26.7;0;26.7
;5;23;21-jun-21;06-jul-21;09-jul-21;81.841;138.075;3.22;0.704;0.109;0.418;2.694;2.256;;14.7;;3.3;74.8;972.1;150.2;577.4;6.5;19.5;16.3;0;16.3;15;3;0;170;3;170;0;9;0.8;22;6;0.013;2.23;26;0;26
;6;23;25-jun-21;09-jul-21;12-jul-21;92.46;150.895;3.23;0.664;0.119;0.434;2.309;1.493;;13.8;;3.3;83.3;1.002.30;180;655.1;7.3;15.3;9.9;0;9.9;14;3;0;170;3;170;0;9;0.8;22;6;0.012;2.04;27.2;0;27.2
;7;23;27-jun-21;11-jul-21;15-jul-21;90.755;148.972;4.11;0.616;0.101;0.379;2.802;2.192;;13.4;;4.3;77.8;918;149.8;564.7;7.2;18.8;14.7;0;14.7;14;4;0;170;4;170;0;9;0.8;22;6;0.012;2.07;26.7;0;26.7
;8;23;05-jul-21;19-jul-21;21-jul-21;86.776;133.937;3.66;0.593;0.082;0.315;1.721;1.93;;14.1;;3.8;67;794.4;110.1;421.8;6.9;12.9;14.4;0;14.4;14;2;0;170;2;170;0;9;0.8;22;6;0.014;2.3;21.8;0;21.8
;9;23;08-jul-21;22-jul-21;24-jul-21;85.754;132.252;4.04;0.676;0.115;0.416;2.465;1.988;;14.9;;4.2;78.5;894.1;151.7;550.1;6.8;18.6;15;0;15;14;2;0;210;2;210;0;9;0.8;22;6;0.014;2.88;27.8;0;27.8
;10;23;10-jul-21;24-jul-21;25-jul-21;79.605;122.812;3.8;0.626;0.112;0.336;2.318;1.889;;14.3;;3.9;71.7;768.7;137.9;413;6.3;18.9;15.4;0;15.4;14;1;0;210;1;210;0;9;0.8;22;6;0.015;3.1;26.2;0;26.2
;11;23;12-jul-21;26-jul-21;29-jul-21;75.813;120.563;3.7;0.555;0.104;0.29;2.064;1.66;;12.9;;3.8;71.1;668.9;125.9;350;6;17.1;13.8;0;13.8;14;3;0;210;3;210;0;9;0.000078125;22;6;0.015;3.16;28.3;0;28.3
;12;23;15-jul-21;28-jul-21;30-jul-21;77.112;122.261;3.87;0.584;0.108;0.37;1.743;664;;14.2;;4;81.9;713.7;131.5;452.9;6.1;14.3;5.4;0;5.4;13;2;0;210;2;210;0;9;0.000078125;22;6;0.015;3.12;30;0;30
;13;23;17-jul-21;31-jul-21;04-ago-21;80.033;124.308;3.18;0.65;0.119;0.468;2.25;1.894;;15;;3.3;90.2;808.3;147.5;581.7;6.4;18.1;15.2;0;15.2;14;4;0;210;4;210;0;9;0.000078125;22;6;0.015;3.07;33.8;0;33.8
;14;23;20-jul-21;03-ago-21;04-ago-21;82.593;127.179;2.99;0.87;0.135;0.646;2.281;1.94;;14.9;;3.1;89.7;1.106.30;171.1;821.5;6.6;17.9;15.3;0;15.3;14;1;0;210;1;210;0;9;0.000078125;22;6;0.014;3;33.4;0;33.4
;15;23;22-jul-21;05-ago-21;07-ago-21;83.113;128.682;2.89;0.783;0.184;0.5;2.385;1.783;;15.6;;3;87.5;1.007.20;237.3;643.9;6.6;18.5;13.9;0;13.9;14;2;0;210;2;210;0;9;0.000078125;22;6;0.014;2.96;33.8;0;33.8
;16;23;24-jul-21;07-ago-21;09-ago-21;79.038;122.125;3.71;0.71;0.23;0.36;2.274;1.829;;16.6;;3.9;83.1;867.3;281.4;439.2;6.3;18.6;15;0;15;14;2;0;210;2;210;0;9;0.000078125;22;6;0.015;3.12;33.3;0;33.3
;17;23;26-jul-21;09-ago-21;13-ago-21;77.061;120.275;3.75;0.631;0.167;0.372;2.145;1.883;;16.4;;3.9;85.5;759.5;201.4;448;6.1;17.8;15.7;0;15.7;14;4;0;210;4;210;0;9;0.000078125;22;6;0.015;3.17;33.1;0;33.1
;18;23;28-jul-21;12-ago-21;16-ago-21;78.542;120.944;4.13;0.59;0.164;0.321;2.296;1.915;;16.2;;4.3;82.3;713.2;198.9;387.9;6.2;19;15.8;0;15.8;15;4;0;210;4;210;0;9;0.000078125;22;6;0.015;3.15;32.7;0;32.7
;19;23;30-jul-21;14-ago-21;18-ago-21;76.895;120.621;3.28;0.608;0.158;0.354;2.034;1.9;;15.3;;3.4;84.2;733.6;190.3;427.4;6.1;16.9;15.8;0;15.8;15;4;0;210;4;210;0;9;0.000078125;22;6;0.015;3.16;32.4;0;32.4
;20;23;02-ago-21;17-ago-21;18-ago-21;77.412;124.174;3.36;0.631;0.223;0.285;2.063;1.434;;14.5;;3.5;80.6;784.1;277.2;354.5;6.1;16.6;11.6;0;11.6;15;1;0;210;1;210;0;9;0.000078125;22;6;0.015;3.07;32.4;0;32.4
;21;23;06-ago-21;20-ago-21;23-ago-21;79.896;132.72;3.81;0.615;0.218;0.275;2.47;1.526;;14.7;;4;80.3;816;289.7;365.3;6.3;18.6;11.5;0;11.5;14;3;0;210;3;210;0;9;0.000078125;22;6;0.014;2.87;33;0;33
;22;23;08-ago-21;22-ago-21;25-ago-21;79.158;131.652;4.4;0.624;0.137;0.402;2.695;1.943;;15.1;;4.6;86.5;820.9;180.9;529.4;6.3;20.5;14.8;0;14.8;14;3;0;210;3;210;0;9;0.000078125;22;6;0.014;2.89;34;0;34
;23;23;10-ago-21;24-ago-21;28-ago-21;77.208;130.675;5.14;0.666;0.121;0.471;2.777;1.968;;14.6;;5.4;89;869.8;158.3;615.7;6.1;21.3;15.1;0;15.1;14;4;0;210;4;210;0;9;0.000078125;22;6;0.014;2.92;34.7;0;34.7
;24;23;13-ago-21;27-ago-21;28-ago-21;78.96;132.813;5.56;0.727;0.122;0.551;2.703;2.146;;14.2;;5.9;92.7;965;162.6;732;6.3;20.4;16.2;0;16.2;14;1;0;210;1;210;0;9;0.000078125;22;6;0.014;2.87;35.4;0;35.4
;25;23;16-ago-21;31-ago-21;01-sept-21;79.668;133.543;5.03;0.715;0.121;0.543;2.558;2.12;;15.2;;5.3;92.9;954.7;161.1;725.7;6.3;19.2;15.9;0;15.9;15;1;0;210;1;210;0;9;0.000078125;22;6;0.014;2.85;34.8;0;34.8
;26;23;20-ago-21;03-sept-21;04-sept-21;78.613;131.446;5.37;0.682;0.133;0.51;2.385;1.251;;14.9;;5.7;94.3;896.5;174.6;670.6;6.2;18.1;9.5;0;9.5;14;1;0;210;1;210;0;9;0.000078125;22;6;0.014;2.9;35.2;0;35.2
;27;23;22-ago-21;05-sept-21;06-sept-21;77.061;130.569;4.73;0.641;0.145;0.423;2.808;1.978;;14.9;;5;88.5;837.5;189.4;552.1;6.1;21.5;15.1;0;15.1;14;1;0;210;1;210;0;9;0.000078125;22;6;0.014;2.92;35.1;0;35.1
;28;23;24-ago-21;08-sept-21;10-sept-21;75.933;128.871;4.54;0.602;0.122;0.384;2.688;1.963;;15.6;;4.8;84.1;775.6;157.7;494.3;6;20.9;15.2;0;15.2;15;2;0;210;2;210;0;9;0.000078125;22;6;0.014;2.96;33.1;0;33.1
;29;23;27-ago-21;12-sept-21;14-sept-21;79.058;133.999;4.43;0.641;0.11;0.457;2.744;2.089;;14.4;;4.6;88.6;858.7;147.6;612.9;6.3;20.5;15.6;0;15.6;16;2;0;210;2;210;0;9;0.000078125;22;6;0.014;2.84;34.1;0;34.1
;30;23;30-ago-21;14-sept-21;16-sept-21;81.266;134.053;4.36;0.639;0.109;0.462;2.599;1.922;;15.2;;4.6;89.4;856.6;145.7;619.8;6.4;19.4;14.3;0;14.3;15;2;0;210;2;210;0;9;0.000078125;22;6;0.014;2.84;33.8;0;33.8
;31;23;01-sept-21;16-sept-21;22-sept-21;80.176;132.492;3.9;0.61;0.147;0.396;2.702;1.607;;14.7;;4.1;89.1;807.7;194.7;524.7;6.4;20.4;12.1;0;12.1;15;6;0;210;6;210;0;9;0.000078125;22;6;0.014;2.88;35;0;35
;32;23;05-sept-21;19-sept-21;20-sept-21;77.889;127.963;4.43;0.598;0.119;0.435;2.382;1.514;;15.1;;4.6;92.6;765.8;152.6;556.7;6.2;18.6;11.8;0;11.8;14;1;0;210;1;210;0;9;0.000078125;22;6;0.014;2.98;34.9;0;34.9
;33;23;07-sept-21;21-sept-21;24-sept-21;78.035;128.789;4.66;0.633;0.126;0.471;2.695;1.883;;15.7;;4.9;94.3;814.6;162.2;606;6.2;20.9;14.6;0;14.6;14;3;0;210;3;210;0;9;0.000078125;22;6;0.014;2.96;36.1;0;36.1
;34;23;10-sept-21;24-sept-21;25-sept-21;80.047;131.73;4.51;0.698;0.145;0.508;2.505;1.865;;15.6;;4.7;93.5;919.8;190.6;669.3;6.4;19;14.2;0;14.2;14;1;0;210;1;210;0;9;0.000078125;22;6;0.014;2.89;35.4;0;35.4
;35;23;12-sept-21;26-sept-21;29-sept-21;81.625;134.778;4.47;0.734;0.154;0.527;2.837;1.941;;15.6;;4.7;92.9;988.6;207.9;710.5;6.5;21.1;14.4;0;14.4;14;3;0;210;3;210;0;9;0.000078125;22;6;0.013;2.83;36;0;36
;36;23;15-sept-21;30-sept-21;01-oct-21;81.381;133.73;4.44;0.908;0.167;0.56;2.851;1.794;;14.8;;4.6;80.1;1.213.90;223.1;748.9;6.5;21.3;13.4;0;13.4;15;1;0;210;1;210;0;9;0.000078125;22;6;0.014;2.85;32.2;0;32.2
;37;23;18-sept-21;02-oct-21;04-oct-21;78.806;129.492;4.93;0.727;0.171;0.382;2.508;1.928;;15.3;;5.2;76.1;941.2;221.2;495.1;6.3;19.4;14.9;0;14.9;14;2;0;210;2;210;0;9;0.000078125;22;6;0.014;2.94;30.8;0;30.8
;38;23;20-sept-21;04-oct-21;07-oct-21;76.686;126.701;5.23;0.619;0.284;0.202;2.441;1.271;;15.3;;5.5;78.5;784.7;360.3;255.5;6.1;19.3;10;0;10;14;3;0;210;3;210;0;9;0.000078125;22;6;0.014;3.01;33.7;0;33.7
;39;23;24-sept-21;08-oct-21;10-oct-21;76.2;125.68;4.69;0.608;0.199;0.303;2.563;1.662;;14.2;;4.9;82.5;764.2;250;380.3;6;20.4;13.2;0;13.2;14;2;0;210;2;210;0;9;0.000078125;22;6;0.014;3.03;34.1;0;34.1
;40;23;26-sept-21;10-oct-21;13-oct-21;78.741;129.334;4.77;0.611;0.261;0.238;2.776;1.993;;14.9;;5;81.5;790.9;337;307.7;6.2;21.5;15.4;0;15.4;14;3;0;210;3;210;0;9;0.000078125;22;6;0.014;2.95;35;0;35
;41;23;29-sept-21;14-oct-21;15-oct-21;78.857;128.859;6.33;0.609;0.152;0.378;2.186;1.753;;13.7;;6.8;86.9;784.8;195.4;486.8;6.3;17;13.6;0;13.6;15;1;0;210;1;210;0;9;0.000078125;22;6;0.014;2.96;33.4;0;33.4
;42;23;02-oct-21;16-oct-21;19-oct-21;75.772;125.407;5.66;0.656;0.109;0.452;2.447;1.835;;14.1;;6;85.4;823.2;136.2;567;6;19.5;14.6;0;14.6;14;3;0;210;3;210;0;9;0.000078125;22;6;0.014;3.04;32.9;0;32.9
;43;23;04-oct-21;19-oct-21;23-oct-21;75.288;124.909;4.44;0.726;0.114;0.55;2.568;1.68;;13.9;;4.6;91.6;906.8;142.7;687.6;6;20.6;13.4;0;13.4;15;4;0;210;4;210;0;9;0.000078125;22;6;0.015;3.05;35;0;35
;44;23;07-oct-21;21-oct-21;24-oct-21;76.969;127.323;4.12;0.622;0.097;0.476;2.11;1.017;169;15.5;;4.3;92.1;791.5;123.6;605.5;6.1;16.6;8;1.3;9.3;14;3;0;210;3;210;0;9;0.000078125;22;6;0.014;2.99;40.6;0;40.6
;45;23;10-oct-21;24-oct-21;27-oct-21;77.895;129.337;4.03;0.629;0.113;0.453;1.908;1.8;70;14.5;;4.2;89.9;814;146.1;585.5;6.2;14.7;13.9;0.5;14.5;14;3;0;210;3;210;0;9;0.000078125;22;6;0.014;2.95;35.5;0;35.5
;46;23;12-oct-21;26-oct-21;28-oct-21;77.501;128.139;4.5;0.67;0.127;0.476;2.204;1.862;31;14.8;;4.7;90.1;858.2;162.7;610.3;6.2;17.2;14.5;0.2;14.8;14;2;0;210;2;210;0;9;0.000078125;22;6;0.014;2.97;35.1;0;35.1
;47;23;14-oct-21;29-oct-21;31-oct-21;77.09;127.725;5.62;0.811;0.162;0.588;2.354;1.886;9;16.8;;6;92.5;1.035.50;206.4;750.9;6.1;18.4;14.8;0.1;14.8;15;2;0;210;2;210;0;9;0.000078125;22;6;0.014;2.98;35.1;0;35.1
;48;23;17-oct-21;31-oct-21;06-nov-21;77.695;128.879;5.58;1,022;0.22;0.75;2.12;1.845;0;14.2;;5.9;94.9;1.317.20;282.9;966.8;6.2;16.5;14.3;0;14.3;14;6;0;210;6;210;0;9;0.000078125;22;6;0.014;2.96;35.4;0;35.4
;49;23;20-oct-21;03-nov-21;07-nov-21;77.848;128.714;5.21;0.746;0.175;0.507;2.239;1.492;259;15.1;;5.5;91.4;960.4;225.3;652.9;6.2;17.4;11.6;2;13.6;14;4;0;210;4;210;0;9;0.000078125;22;6;0.014;2.96;45.1;0;45.1
;50;23;22-oct-21;05-nov-21;08-nov-21;77.091;127.741;4.55;0.747;0.165;0.509;2.53;1.817;9;13.2;;4.8;90.2;954.2;210.3;650.5;6.1;19.8;14.2;0.1;14.3;14;3;0;210;3;210;0;9;0.000078125;22;6;0.014;2.98;35.8;0;35.8
;51;23;25-oct-21;09-nov-21;10-nov-21;77.05;127.74;4.56;0.726;0.136;0.53;2.508;2.068;100;14.9;;4.8;91.8;926.8;174.2;676.4;6.1;19.6;16.2;0.8;17;15;1;0;210;1;210;0;9;0.000078125;22;6;0.014;2.98;39.8;0;39.8
;52;23;28-oct-21;11-nov-21;12-nov-21;77.665;128.497;4.33;0.695;0.121;0.518;2;1.943;17;16.6;;4.5;92;892.8;155.9;665.8;6.2;15.6;15.1;0.1;15.3;14;1;0;210;1;210;0;9;0.000078125;22;6;0.014;2.97;33.8;0;33.8
;53;23;30-oct-21;13-nov-21;14-nov-21;78.318;125.421;5.11;0.665;0.117;0.489;2.539;1.973;132;15.8;;5.4;91;834.5;146.2;613.4;6.2;20.2;15.7;1.1;16.8;14;1;0;210;1;210;0;9;0.000078125;22;6;0.014;3.04;40.7;0;40.7
;54;23;03-nov-21;17-nov-21;18-nov-21;77.472;136.767;4.6;0.796;0.187;0.546;2.6;1.902;106;13.8;;4.8;92;1.089.30;255.3;746.5;6.1;19;13.9;0.8;14.7;14;1;0;210;1;210;0;9;0.000078125;22;6;0.013;2.79;40.4;0;40.4
;55;23;06-nov-21;20-nov-21;21-nov-21;77.848;136.568;4.82;0.901;0.272;0.528;2.215;2.085;125;14.8;;5.1;88.9;1.230.60;371.9;721.5;6.2;16.2;15.3;0.9;16.2;14;1;0;210;1;210;0;9;0.000078125;22;6;0.013;2.79;39.5;0;39.5
;56;23;08-nov-21;22-nov-21;23-nov-21;77.705;136.464;5.12;0.783;0.23;0.465;2.09;1.827;80;15.8;;5.4;88.8;1.068.50;314.2;635.1;6.2;15.3;13.4;0.6;14;14;1;0;210;1;210;0;9;0.000078125;22;6;0.013;2.79;36.9;0;36.9
;57;23;11-nov-21;26-nov-21;27-nov-21;76.136;136.216;4.84;0.951;0.183;0.698;1.647;2.053;95;15.1;;5.1;92.6;1.295.50;249;950.5;6;12.1;15.1;0.7;15.8;15;1;0;210;1;210;0;9;0.000078125;22;6;0.013;2.8;36.1;0;36.1
;58;23;13-nov-21;28-nov-21;29-nov-21;73.162;134.086;4.81;0.868;0.17;0.63;1.876;1.868;0;14.1;;5.1;92.1;1.164.10;227.4;844.4;5.8;14;13.9;0;13.9;15;1;0;210;1;210;0;9;0.000078125;22;6;0.014;2.84;33.1;0;33.1
;59;23;16-nov-21;30-nov-21;01-dic-21;70.844;134.022;4.59;0.74;0.132;0.541;1.951;2.017;0;16.7;;4.8;91;991.6;177.4;724.5;5.6;14.6;15.1;0;15.1;14;1;0;210;1;210;0;9;0.000078125;22;6;0.014;2.84;32.4;0;32.4
;60;23;18-nov-21;02-dic-21;04-dic-21;74.131;134.282;4.25;0.781;0.122;0.602;1.472;2.012;0;15.2;;4.4;92.6;1.048.10;163.2;807.8;5.9;11;15;0;15;14;2;0;210;2;210;0;9;0.000078125;22;6;0.014;2.84;31;0;31
;61;23;21-nov-21;08-dic-21;10-dic-21;73.674;134.351;4.06;0.942;0.167;0.717;1.984;1.98;0;16.1;;4.2;93.8;1.266.20;224.4;963.8;5.8;14.8;14.7;0;14.7;17;2;0;210;2;210;0;9;0.000078125;22;6;0.014;2.84;33.5;0;33.5
;62;23;23-nov-21;09-dic-21;12-dic-21;72.752;134.019;4.77;1,158;0.214;0.835;1.337;1.791;0;14.5;;5;90.6;1.552.10;287.1;1.119.20;5.8;10;13.4;0;13.4;16;3;0;210;3;210;0;9;0.000078125;22;6;0.014;2.84;30.6;0;30.6
;63;23;26-nov-21;11-dic-21;12-dic-21;75.941;134.208;5.02;0.807;0.175;0.511;2.125;1.972;0;15.3;;5.3;85;1.083.70;234.3;686.4;6;15.8;14.7;0;14.7;15;1;0;210;1;210;0;9;0.000078125;22;6;0.014;2.84;31.9;0;31.9
;64;23;29-nov-21;13-dic-21;14-dic-21;76.342;134.056;5.02;0.702;0.125;0.434;2.13;1.91;0;14.3;;5.3;79.6;941.2;167.7;581.3;6.1;15.9;14.2;0;14.2;14;1;0;210;1;210;0;9;0.000078125;22;6;0.014;2.84;30.1;0;30.1
;65;23;03-dic-21;17-dic-21;20-dic-21;76.033;137.056;4.91;0.711;0.15;0.475;1.609;1.972;37;14.9;;5.2;87.8;975;205.3;650.7;6;11.7;14.4;0.3;14.7;14;3;0;210;3;210;0;9;0.000078125;22;6;0.013;2.78;32.3;0;32.3
;66;23;05-dic-21;19-dic-21;22-dic-21;76.605;136.773;5.34;0.776;0.145;0.56;2.441;2.051;349;16.4;;5.6;90.9;1.061.70;199;766.1;6.1;17.8;15;2.6;17.6;14;3;0;210;3;210;0;9;0.000078125;22;6;0.013;2.79;46.5;0;46.5
;67;23;08-dic-21;22-dic-21;23-dic-21;76.597;137.056;6.24;0.781;0.134;0.571;2.399;1.887;524;15.1;;6.7;90.2;1.071.00;183.5;782.2;6.1;17.5;13.8;3.8;17.6;14;1;0;210;1;210;0;9;0.000078125;22;6;0.013;2.78;50.7;0;50.7
;68;23;10-dic-21;25-dic-21;26-dic-21;74.971;136.87;5.49;0.701;0.111;0.501;2.587;2.024;662;14.7;;5.8;87.3;960;152.5;685.8;6;18.9;14.8;4.8;19.6;15;1;0;210;1;210;0;9;0.000078125;22;6;0.013;2.78;53.1;0;53.1
;69;23;13-dic-21;27-dic-21;29-dic-21;73.2;136.137;5.31;0.774;0.12;0.578;2.723;1.816;619;14.9;;5.6;90.2;1.053.50;164;786.4;5.8;20;13.3;4.5;17.9;14;2;0;210;2;210;0;9;0.000078125;22;6;0.013;2.8;54.3;0;54.3
12022;70;23;16-dic-21;03-ene-22;04-ene-22;73.168;136.844;4.75;1,023;0.198;0.752;1.604;1.118;674;16.6;;5;92.8;1.399.80;270.7;1.028.50;5.8;11.7;8.2;4.9;13.1;18;1;0;210;1;210;0;9;0.000078125;22;6;0.013;2.78;51.4;0;51.4
12022;71;23;18-dic-21;05-ene-22;06-ene-22;73.35;137.016;4.93;0.988;0.186;0.708;2.596;2.092;530;16;;5.2;90.5;1.353.20;254.5;970.5;5.8;18.9;15.3;3.9;19.1;18;1;0;210;1;210;0;9;0.000078125;22;6;0.013;2.78;52.1;0;52.1
12022;72;23;21-dic-21;08-ene-22;09-ene-22;73.587;137.101;4.33;0.747;0.161;0.485;2.59;1.888;244;16.9;;4.5;86.5;1.024.10;220.1;665.3;5.8;18.9;13.8;1.8;15.6;18;1;0;210;1;210;0;9;0.000078125;22;6;0.013;2.78;42.4;0;42.4
12022;73;23;24-dic-21;11-ene-22;12-ene-22;74.457;137.555;5.49;0.9;0.152;0.667;2.591;1.966;39;16.2;;5.8;91;1.237.90;209;918.1;5.9;18.8;14.3;0.3;14.6;18;1;0;210;1;210;0;9;0.000078125;22;6;0.013;2.77;36;0;36
12022;74;23;26-dic-21;14-ene-22;18-ene-22;77.413;137.26;6.7;0.895;0.238;0.595;2.434;2.187;0;17.3;;7.2;93.1;1.228.70;327.3;817;6.1;17.7;15.9;0;15.9;19;4;0;210;4;210;0;9;0.000078125;22;6;0.013;2.78;35.4;0;35.4
12022;75;23;29-dic-21;16-ene-22;19-ene-22;81.05;137.327;5.33;0.902;0.293;0.548;1.929;1.859;529;16.7;;5.6;93.2;1.239.00;402.2;752;6.4;14;13.5;3.9;17.4;18;3;0;210;3;210;0;9;0.000078125;22;6;0.013;2.77;51.6;0;51.6
12022;76;23;02-ene-22;20-ene-22;22-ene-22;80.625;137.214;4.85;0.887;0.18;0.637;1.916;1.641;499;15;;5.1;92.1;1.216.60;247.3;873.7;6.4;14;12;3.6;15.6;18;2;0;210;2;210;0;9;0.000078125;22;6;0.013;2.78;49.2;0;49.2
12022;77;23;06-ene-22;24-ene-22;26-ene-22;78.904;137;5.27;0.91;0.131;0.677;2.199;1.372;314;15.9;;5.6;88.7;1.246.80;179.5;926.8;6.3;16;10;2.3;12.3;18;2;0;210;2;210;0;9;0.000078125;22;6;0.013;2.78;43.2;0;43.2
12022;78;23;09-ene-22;27-ene-22;29-ene-22;77.76;136.67;4.56;1.09;0.185;0.816;2.412;1.222;874;16.7;;4.8;91.8;1.490.10;252.6;1.115.20;6.2;17.6;8.9;6.4;15.3;18;2;0;210;2;210;0;9;0.000078125;22;6;0.013;2.79;59.1;0;59.1
22022;79;23;12-ene-22;30-ene-22;01-feb-22;76.988;136.229;4.69;0.877;0.144;0.646;2.328;984;1.12;15.2;;4.9;90.2;1.194.60;196.6;880.5;6.1;17.1;7.2;8.2;15.4;18;2;0;210;2;210;0;9;0.000078125;22;6;0.013;2.8;62.4;0;62.4
22022;80;23;15-ene-22;02-feb-22;03-feb-22;75.818;135.448;4.51;0.918;0.133;0.707;2.863;1.112;996;16.7;;4.7;91.5;1.242.70;179.7;957.7;6;21.1;8.2;7.4;15.6;18;1;0;210;1;210;0;9;0.000078125;22;6;0.013;2.81;62.9;0;62.9
22022;81;23;20-ene-22;07-feb-22;08-feb-22;73.991;135.444;4.44;0.832;0.131;0.632;2.287;1.218;711;17.1;;4.6;91.8;1.126.30;177.2;856.3;5.9;16.9;9;5.2;14.2;18;1;0;210;1;210;0;9;0.000078125;22;6;0.013;2.81;54.8;0;54.8
22022;82;23;23-ene-22;10-feb-22;13-feb-22;74.07;135.545;4.38;0.683;0.166;0.422;1.841;1.345;608;16.6;;4.6;86;926.2;224.7;571.4;5.9;13.6;9.9;4.5;14.4;18;3;0;210;3;210;0;9;0.000078125;22;6;0.013;2.81;48.9;0;48.9
22022;83;23;26-ene-22;16-feb-22;18-feb-22;74.895;135.531;4.35;0.714;0.191;0.449;2.313;1.105;757;17.4;;4.5;89.6;968.2;259;608.7;5.9;17.1;8.2;5.6;13.7;21;2;0;210;2;210;0;9;0.000078125;22;6;0.013;2.81;56.2;0;56.2
22022;84;23;29-ene-22;16-feb-22;18-feb-22;74.825;134.872;4.7;0.676;0.241;0.336;2.408;1.309;956;17.4;;4.9;85.4;912.3;325.2;453.7;5.9;17.9;9.7;7.1;16.8;18;2;0;210;2;210;0;9;0.000078125;22;6;0.013;2.83;59.6;0;59.6
22022;85;23;31-ene-22;18-feb-22;20-feb-22;75.101;134.913;5;0.942;0.445;0.372;1.741;1.448;339;15.7;;5.3;86.8;1.270.60;600.7;501.6;6;12.9;10.7;2.5;13.2;18;2;0;210;2;210;0;9;0.000078125;22;6;0.013;2.82;45.3;0;45.3
22022;86;23;08-feb-22;26-feb-22;28-feb-22;74.383;138.136;5.02;0.878;0.215;0.582;1.496;1.91;416;14.8;;5.3;90.9;1.212.20;297;804.4;5.9;10.8;13.8;3;16.8;18;2;0;210;2;210;0;9;0.000078125;22;6;0.013;2.76;44.8;0;44.8
32022;87;23;11-feb-22;01-mar-22;04-mar-22;76.737;137.641;6.54;0.778;0.141;0.551;2.255;1.051;981;15.2;;7;88.9;1.070.90;193.9;758.6;6.1;16.4;7.6;7.1;14.8;18;3;0;210;3;210;0;9;0.000078125;22;6;0.013;2.77;58.8;0;58.8
32022;88;23;14-feb-22;04-mar-22;07-mar-22;77.701;138.695;5.83;0.843;0.142;0.623;2.126;1.199;792;13.9;;6.2;90.8;1.168.60;197.6;864.1;6.2;15.3;8.6;5.7;14.4;18;3;0;210;3;210;0;9;0.000078125;22;6;0.013;2.75;55.6;0;55.6
32022;89;23;18-feb-22;08-mar-22;12-mar-22;77.96;138.311;5.01;1,047;0.17;0.795;1.68;1.63;428;16.2;;5.3;92.2;1.448.50;235.6;1.099.80;6.2;12.1;11.8;3.1;14.9;18;4;0;210;4;210;0;9;0.000078125;22;6;0.013;2.75;45.4;0;45.4
32022;90;23;21-feb-22;11-mar-22;14-mar-22;78.814;137.834;4.71;0.868;0.132;0.603;2.284;489;1.372;16;;4.9;84.8;1.195.90;182.4;831.8;6.3;16.6;3.5;10;13.5;18;3;0;210;3;210;0;9;0.000078125;22;6;0.013;2.76;62.2;0;62.2
32022;91;23;25-feb-22;15-mar-22;16-mar-22;77.195;138.018;4.73;0.631;0.108;0.416;2.155;682;1.328;15.5;;5;83.1;870.5;149.6;573.9;6.1;15.6;4.9;9.6;14.6;18;1;0;210;1;210;0;9;0.000078125;22;6;0.013;2.76;60;0;60
32022;92;23;28-feb-22;18-mar-22;19-mar-22;77.983;137.218;5.51;0.707;0.117;0.501;1.767;814;1.03;14.3;;5.8;87.5;969.8;161;687.4;6.2;12.9;5.9;7.5;13.4;18;1;0;210;1;210;0;9;0.000078125;22;6;0.013;2.78;56.1;0;56.1
32022;93;23;04-mar-22;22-mar-22;27-mar-22;79.903;136.768;4.31;0.722;0.125;0.507;1.599;1.844;102;13.5;;4.5;87.5;987.6;170.8;693.3;6.3;11.7;13.5;0.7;14.2;18;5;0;210;5;210;0;9;0.000078125;22;6;0.013;2.79;34.4;0;34.4
32022;94;23;08-mar-22;22-mar-22;29-mar-22;75.916;136.774;5.1;0.701;0.124;0.485;1.868;511;1.208;17;;5.4;86.8;959.4;169.2;663.6;6;13.7;3.7;8.8;12.6;14;7;0;210;7;210;0;9;0.000078125;22;6;0.013;2.79;58.6;0;58.6
32022;95;23;11-mar-22;25-mar-22;31-mar-22;73.088;136.606;5.24;0.647;0.136;0.416;2.297;583;1.174;15.9;;5.5;85.3;884.4;186.3;568.1;5.8;16.8;4.3;8.6;12.9;14;6;0;210;6;210;0;9;0.000078125;22;6;0.013;2.79;60.6;0;60.6
42022;96;23;15-mar-22;29-mar-22;02-abr-22;73.992;136.983;5.68;0.697;0.157;0.448;2.071;336;1.269;14.8;;6;86.8;954.8;215.4;613.6;5.9;15.1;2.5;9.3;11.7;14;4;0;210;4;210;0;9;0.000078125;22;6;0.013;2.78;62.2;0;62.2
42022;97;23;20-mar-22;03-abr-22;07-abr-22;75.235;136.628;4.97;0.654;0.208;0.342;2.167;0;1.13;17.5;;5.2;84;893.7;284.2;466.8;6;15.9;0;8.3;8.3;14;4;0;210;4;210;0;9;0.000078125;22;6;0.013;2.79;59.6;0;59.6
42022;98;23;22-mar-22;05-abr-22;11-abr-22;76.871;136.817;5.32;0.696;0.125;0.488;2.075;185;1.649;17.4;;5.6;87.9;952.8;170.5;667.1;6.1;15.2;1.3;12.1;13.4;14;6;0;210;6;210;0;9;0.000078125;22;6;0.013;2.78;66.5;0;66.5
42022;99;23;26-mar-22;09-abr-22;12-abr-22;77.476;136.903;6.33;0.712;0.154;0.463;2.075;126;1.668;15.1;;6.8;86.8;974.5;211.4;634;6.1;15.2;0.9;12.2;13.1;14;3;0;210;3;210;0;9;0.000078125;22;6;0.013;2.78;67.5;0;67.5
42022;100;23;31-mar-22;14-abr-22;18-abr-22;78.301;136.485;5.84;0.747;0.123;0.536;2.124;144;1.63;15.8;;6.2;88.2;1.019.00;167.5;730.9;6.2;15.6;1.1;11.9;13;14;4;0;210;4;210;0;9;0.000078125;22;6;0.013;2.79;67.1;0;67.1
42022;101;23;03-abr-22;17-abr-22;21-abr-22;77.483;129.843;5.57;0.816;0.168;0.54;1.769;16;1.425;15.8;;5.9;86.8;1.059.60;218.4;701.6;6.1;13.6;0.1;11;11.1;14;4;0;210;4;210;0;9;0.000078125;22;6;0.014;2.93;63.7;0;63.7
42022;102;23;06-abr-22;20-abr-22;25-abr-22;74.943;129.408;5.51;1,004;0.26;0.633;1.773;115;1.61;17.9;;5.8;89;1.298.90;336.7;819.8;5.9;13.7;0.9;12.4;13.3;14;5;0;210;5;210;0;9;0.000078125;22;6;0.014;2.94;68.2;0;68.2
42022;103;23;08-abr-22;22-abr-22;27-abr-22;70.06;114.868;5.82;1,039;0.312;0.655;2.022;41;1.409;14.4;;6.2;93.1;1.193.30;358.4;752.4;5.6;17.6;0.4;12.3;12.6;14;5;0;210;5;210;0;9;0.000078125;22;6;0.016;3.32;75.8;0;75.8
42022;104;23;10-abr-22;24-abr-22;29-abr-22;62.397;104.984;5.46;0.877;0.253;0.54;2.103;413;1.224;16.8;;5.8;90.5;920.3;265.8;566.9;5;20;3.9;11.7;15.6;14;5;0;210;5;210;0;9;0.000078125;22;6;0.017;3.63;73.7;0;73.7
42022;105;23;10-abr-22;24-abr-22;29-abr-22;28.916;51.541;5.85;0.836;0.237;0.508;788;467;116;12.5;;6.2;89;430.7;121.9;261.6;2.3;15.3;9.1;2.2;11.3;14;5;0;210;5;210;0;9;0.000078125;22;6;0.035;7.39;45.9;0;45.9
11900;106;;;;;;;;;;;;;;;;;;;;;;;;;;;;;;0;;0;9;0.000078125;22;6;0;0;0;0;
52022;2;24;28-abr-22;12-may-22;15-may-22;54.037;90.745;5.75;0.791;0.199;0.473;1.329;946;207;15.8;;6.1;85;717.5;180.8;428.9;4.3;14.7;10.4;2.3;12.7;14;3;0;170;3;170;0;9;0.3;22;7;0.023;3.97;38.2;0;38.2
52022;3;24;28-abr-22;12-may-22;15-may-22;89.955;151.238;5.61;0.788;0.213;0.473;2.351;1.392;779;15.8;;5.9;87;1.191.90;322.5;715;7.1;15.5;9.2;5.1;14.4;14;3;0;170;3;170;0;9;0.3;22;7;0.014;2.38;48;0;48
52022;4;24;28-abr-22;12-may-22;15-may-22;90.112;151.282;5.89;0.843;0.224;0.527;2.26;825;1.397;16.5;;6.3;89.1;1.275.50;339.4;797.3;7.2;14.9;5.5;9.2;14.7;14;3;0;170;3;170;0;9;0.3;22;7;0.014;2.38;57.5;0;57.5
52022;5;24;03-may-22;17-may-22;22-may-22;85.545;150.379;6.6;0.771;0.131;0.49;1.725;1.505;819;16.7;;7.1;80.5;1.160.10;196.6;736.8;6.8;11.5;10;5.4;15.5;14;5;0;170;5;170;0;9;0.3;22;7;0.014;2.39;41.8;0;41.8
52022;6;24;07-may-22;21-may-22;26-may-22;82.218;150.191;5.12;0.853;0.136;0.551;1.676;1.233;757;14.7;;5.4;80.5;1.281.50;204.1;827.3;6.5;11.2;8.2;5;13.3;14;5;0;170;5;170;0;9;0.3;22;7;0.014;2.4;41;0;41
52022;7;24;09-may-22;23-may-22;27-may-22;82.248;149.823;5.7;0.858;0.18;0.559;2.181;651;1.554;15.3;;6;86.2;1.286.00;270.4;837.8;6.5;14.6;4.3;10.4;14.7;14;4;0;170;4;170;0;9;0.3;22;7;0.014;2.4;57.4;0;57.4
62022;8;24;12-may-22;26-may-22;01-jun-22;82.706;149.57;5.96;0.798;0.192;0.501;2.434;468;1.846;17.4;;6.3;86.9;1.193.80;287.8;749.1;6.6;16.3;3.1;12.3;15.5;14;6;0;170;6;170;0;9;0.3;22;7;0.014;2.41;62.3;0;62.3
62022;9;24;15-may-22;29-may-22;02-jun-22;83.245;149.446;5.29;0.718;0.112;0.457;2.135;523;2.029;16.6;;5.6;79.3;1.072.70;167.9;682.7;6.6;14.3;3.5;13.6;17.1;14;4;0;210;4;210;0;9;0.3;22;7;0.014;2.97;57.9;0;57.9
62022;10;24;20-may-22;03-jun-22;06-jun-22;82.252;149.349;5.96;0.647;0.216;0.292;2.463;594;1.864;14.8;;6.3;78.5;966.6;323;436.1;6.5;16.5;4;12.5;16.5;14;3;0;210;3;210;0;9;0.3;22;7;0.014;2.98;60.5;0;60.5
62022;11;24;23-may-22;06-jun-22;10-jun-22;80.557;149.67;6.37;0.628;0.247;0.264;2.306;584;1.862;16.6;;6.8;81.4;939.4;370.2;394.5;6.4;15.4;3.9;12.4;16.3;14;4;0;210;4;210;0;9;0.3;22;7;0.014;2.97;61.4;0;61.4
62022;12;24;26-may-22;09-jun-22;12-jun-22;79.931;149.573;5.97;0.775;0.174;0.5;2.141;593;1.942;16.7;;6.3;87;1.159.60;260.8;748.4;6.3;14.3;4;13;16.9;14;3;0;210;3;210;0;9;0.3;22;7;0.014;2.97;62.5;0;62.5
62022;13;24;28-may-22;11-jun-22;14-jun-22;78.501;149.769;6;0.732;0.154;0.489;2.284;712;1.912;15.3;;6.4;87.9;1.096.80;230.6;733.1;6.2;15.3;4.8;12.8;17.5;14;3;0;210;3;210;0;9;0.3;22;7;0.014;2.97;63.6;0;63.6
62022;14;24;31-may-22;14-jun-22;18-jun-22;78.699;149.828;5.93;0.587;0.285;0.178;2.638;572;2.036;16;;6.3;78.9;879.6;426.3;267.3;6.2;17.6;3.8;13.6;17.4;14;4;0;210;4;210;0;9;0.3;22;7;0.014;2.97;64.4;0;64.4
62022;15;24;05-jun-22;18-jun-22;22-jun-22;79.445;147.725;6.12;0.655;0.24;0.319;2.145;756;1.403;14.8;;6.5;85.5;967;354.5;471.9;6.3;14.5;5.1;9.5;14.6;13;4;0;210;4;210;0;9;0.3;22;7;0.014;3.01;58.2;0;58.2
62022;16;24;08-jun-22;22-jun-22;25-jun-22;77.241;147.88;5.98;1,002;0.171;0.749;1.761;646;1.496;15.3;;6.4;91.9;1.481.90;253.1;1.108.20;6.1;11.9;4.4;10.1;14.5;14;3;0;210;3;210;0;9;0.3;22;7;0.014;3.01;58;0;58
62022;17;24;10-jun-22;24-jun-22;27-jun-22;77.508;147.778;5.99;0.914;0.158;0.694;2.248;690;1.955;15.3;;6.4;93.2;1.350.50;233.6;1.024.80;6.2;15.2;4.7;13.2;17.9;14;3;0;210;3;210;0;9;0.3;22;7;0.014;3.01;67;0;67
72022;18;24;13-jun-22;27-jun-22;01-jul-22;78.094;147.536;5.75;0.843;0.143;0.63;2.437;789;1.936;15.5;;6.1;91.8;1.244.00;211.7;930;6.2;16.5;5.3;13.1;18.5;14;4;0;210;4;210;0;9;0.3;#¿NOMBRE?;7;0.014;3.01;67.3;0;67.3
72022;19;24;16-jun-22;30-jun-22;04-jul-22;77.997;147.995;4.8;1,135;0.164;0.883;2.517;602;2.067;14.8;;5;92.3;1.679.50;243.3;1.306.40;6.2;17;4.1;14;18;14;4;0;210;4;210;0;9;0.3;#¿NOMBRE?;7;0.014;3;66.2;0;66.2
72022;20;24;19-jun-22;03-jul-22;07-jul-22;76.969;147.474;5.87;0.9;0.135;0.681;2.684;647;1.738;16.2;;6.2;90.7;1.327.70;199.5;1.004.60;6.1;18.2;4.4;11.8;16.2;14;4;0;210;4;210;0;9;0.3;#¿NOMBRE?;7;0.014;3.01;65.2;0;65.2
72022;21;24;21-jun-22;05-jul-22;09-jul-22;76.597;147.971;6.28;0.789;0.124;0.589;2.923;562;1.898;16.5;;6.7;90.4;1.166.80;183.3;871.5;6.1;19.8;3.8;12.8;16.6;14;4;0;210;4;210;0;9;0.3;#¿NOMBRE?;7;0.014;3;67.8;0;67.8
72022;22;24;25-jun-22;09-jul-22;12-jul-22;78.067;147.688;5.79;0.797;0.123;0.596;2.086;680;1.412;16.1;;6.1;90.2;1.177.20;181.1;880.6;6.2;14.1;4.6;9.6;14.2;14;3;0;210;3;210;0;9;0.3;#¿NOMBRE?;7;0.014;3.01;57.7;0;57.7
72022;23;24;28-jun-22;12-jul-22;16-jul-22;78.993;147.087;5.99;0.791;0.167;0.542;2.48;545;1.858;15.6;;6.4;89.6;1.163.90;246;796.9;6.3;16.9;3.7;12.6;16.3;14;4;0;210;4;210;0;9;0.3;#¿NOMBRE?;7;0.014;3.02;66.1;0;66.1
72022;24;24;30-jun-22;14-jul-22;18-jul-22;78.896;147.939;6.3;0.651;0.194;0.362;2.701;676;1.982;16.1;;6.7;85.4;963.4;287.4;535.6;6.3;18.3;4.6;13.4;18;14;4;0;210;4;210;0;9;0.3;#¿NOMBRE?;7;0.014;3;66.8;0;66.8
72022;25;24;03-jul-22;17-jul-22;21-jul-22;77.194;140.132;5.95;0.683;0.134;0.455;2.382;597;1.722;14.4;;6.3;86.2;957.2;187.4;637.5;6.1;17;4.3;12.3;16.5;14;4;0;210;4;210;0;9;0.3;#¿NOMBRE?;7;0.015;3.17;63.6;0;63.6
72022;26;24;07-jul-22;21-jul-22;23-jul-22;77.806;140.491;5.2;0.806;0.105;0.607;2.345;587;1.686;15;;5.5;88.3;1.132.30;147;852.7;6.2;16.7;4.2;12;16.2;14;2;0;210;2;210;0;9;0.3;#¿NOMBRE?;7;0.015;3.16;62.9;0;62.9
72022;27;24;10-jul-22;24-jul-22;26-jul-22;79.657;140.06;6.01;0.702;0.105;0.513;2.451;544;1.851;14.3;;6.4;88;982.7;146.6;718.5;6.3;17.5;3.9;13.2;17.1;14;2;0;210;2;210;0;9;0.3;#¿NOMBRE?;7;0.015;3.17;65.8;0;65.8
72022;28;24;13-jul-22;27-jul-22;30-jul-22;80.048;140.29;5.63;0.698;0.111;0.508;2.552;760;1.782;14.9;;6;88.7;979.5;156.2;712.2;6.4;18.2;5.4;12.7;18.1;14;3;0;210;3;210;0;9;0.3;#¿NOMBRE?;7;0.015;3.17;65.8;0;65.8
82022;29;24;17-jul-22;31-jul-22;05-ago-22;77.877;140.213;6.33;0.66;0.126;0.445;2.489;1.039;1.265;14.9;;6.8;86.5;925.4;176.6;624;6.2;17.8;7.4;9;16.4;14;5;0;210;5;210;0;9;0.3;#¿NOMBRE?;7;0.015;3.17;58.1;0;58.1
82022;30;24;21-jul-22;05-ago-22;07-ago-22;75.715;140.46;6.5;0.658;0.135;0.426;2.51;1.02;1.366;15.4;;7;85.4;923.8;189.7;599.1;6;17.9;7.3;9.7;17;15;2;0;210;2;210;0;9;0.3;#¿NOMBRE?;7;0.015;3.16;59;0;59
82022;31;24;24-jul-22;07-ago-22;10-ago-22;78.076;140.119;5.05;0.597;0.108;0.373;2.621;894;1.51;14.1;;5.3;80.6;836.4;151.9;522.5;6.2;18.7;6.4;10.8;17.2;14;3;0;210;3;210;0;9;0.3;#¿NOMBRE?;7;0.015;3.17;58.7;0;58.7
82022;32;24;27-jul-22;10-ago-22;15-ago-22;80.391;140.223;5.61;0.643;0.108;0.442;3.027;1.426;1.369;14.1;;5.9;85.5;901.8;151;620.2;6.4;21.6;10.2;9.8;19.9;14;5;0;210;5;210;0;9;0.3;#¿NOMBRE?;7;0.015;3.17;61.2;0;61.2
82022;33;24;31-jul-22;14-ago-22;20-ago-22;79.64;140.617;4.83;0.888;0.128;0.691;3.093;2.532;563;14.7;;5.1;92.3;1.249.20;180.6;971.9;6.3;22;18;4;22;14;6;0;210;6;210;0;9;0.3;#¿NOMBRE?;7;0.015;3.16;50.3;0;50.3
82022;34;24;05-ago-22;19-ago-22;26-ago-22;77.419;146.441;5.71;0.892;0.143;0.679;2.468;814;1.517;15;;6.1;92.3;1.305.60;210;994.8;6.1;16.9;5.6;10.4;15.9;14;7;0;210;7;210;0;9;0.3;#¿NOMBRE?;7;0.014;3.04;62.9;0;62.9
82022;35;24;09-ago-22;23-ago-22;27-ago-22;77.784;146.146;6.51;0.828;0.148;0.608;2.481;49;1.357;16.6;;7;91.3;1.210.20;215.7;889.1;6.2;17;0.3;9.3;9.6;14;4;0;210;4;210;0;9;0.3;#¿NOMBRE?;7;0.014;3.04;60.1;0;60.1
82022;36;24;12-ago-22;25-ago-22;30-ago-22;77.64;146.242;6.87;0.86;0.155;0.626;2.794;0;1.37;15.6;;7.4;90.8;1.257.60;227.2;915;6.2;19.1;0;9.4;9.4;13;5;0;210;5;210;0;9;0.3;#¿NOMBRE?;7;0.014;3.04;61.9;0;61.9
92022;37;24;15-ago-22;29-ago-22;04-sept-22;77.286;146.049;6.04;0.722;0.132;0.508;2.845;0;1.208;14.6;;6.4;88.6;1.054.00;192.6;741.3;6.1;19.5;0;8.3;8.3;14;6;0;210;6;210;0;9;0.3;#¿NOMBRE?;7;0.014;3.04;58.4;0;58.4
92022;38;24;17-ago-22;31-ago-22;06-sept-22;78.106;146.347;4.59;0.743;0.157;0.513;2.877;0;1.232;15.8;;4.8;90.2;1.087.90;229.8;751;6.2;19.7;0;8.4;8.4;14;6;0;210;6;210;0;9;0.3;#¿NOMBRE?;7;0.014;3.04;59.7;0;59.7
92022;39;24;23-ago-22;06-sept-22;12-sept-22;79.332;146.371;5.04;0.795;0.131;0.591;2.637;0;1.056;15.5;;5.3;90.8;1.164.20;192.3;864.6;6.3;18;0;7.2;7.2;14;6;0;210;6;210;0;9;0.3;#¿NOMBRE?;7;0.014;3.04;55.8;0;55.8
92022;40;24;26-ago-22;09-sept-22;15-sept-22;78.419;146.491;4.95;0.785;0.132;0.594;2.887;72;1.118;15.9;;5.2;92.5;1.149.60;193.2;869.8;6.2;19.7;0.5;7.6;8.1;14;6;0;210;6;210;0;9;0.3;#¿NOMBRE?;7;0.014;3.03;58.5;0;58.5
92022;41;24;29-ago-22;13-sept-22;18-sept-22;76.692;146.35;4.91;0.722;0.126;0.53;2.898;168;949;15;;5.2;90.9;1.057.20;184.7;776.1;6.1;19.8;1.1;6.5;7.6;15;5;0;210;5;210;0;9;0.3;#¿NOMBRE?;7;0.014;3.04;55.4;0;55.4
92022;42;24;31-ago-22;14-sept-22;20-sept-22;75.906;146.334;5.02;0.754;0.14;0.539;2.672;45;1.039;14.6;;5.3;90;1.103.00;205.1;788.1;6;18.3;0.3;7.1;7.4;14;6;0;210;6;210;0;9;0.3;#¿NOMBRE?;7;0.014;3.04;55.9;0;55.9
92022;43;24;04-sept-22;18-sept-22;22-sept-22;75.564;139.1;5.76;0.745;0.146;0.515;2.47;0;1.116;14.8;;6.1;88.8;1.036.40;203.5;716.7;6;17.8;0;8;8;14;4;0;210;4;210;0;9;0.3;#¿NOMBRE?;7;0.015;3.2;57.1;0;57.1
92022;44;24;08-sept-22;22-sept-22;25-sept-22;76.912;138.564;5.31;0.785;0.152;0.562;2.722;0;1.16;15.3;;5.6;90.9;1.087.10;210.2;778.2;6.1;19.6;0;8.4;8.4;14;3;0;210;3;210;0;9;0.3;#¿NOMBRE?;7;0.015;3.21;60;0;60
92022;45;24;11-sept-22;25-sept-22;30-sept-22;76.129;136.411;5.54;0.628;0.117;0.41;2.901;0;1.219;13.9;;5.9;83.9;856.2;159.5;558.7;6;21.3;0;8.9;8.9;14;5;0;210;5;210;0;9;0.3;#¿NOMBRE?;7;0.016;3.26;58.4;0;58.4
102022;46;24;15-sept-22;29-sept-22;04-oct-22;76.103;138.558;5.44;0.724;0.126;0.505;2.669;106;1.029;14.9;;5.8;87.2;1.002.80;174.3;700.3;6;19.3;0.8;7.4;8.2;14;5;0;210;5;210;0;9;0.3;#¿NOMBRE?;7;0.015;3.21;55.3;0;55.3
102022;47;24;20-sept-22;04-oct-22;10-oct-22;79.55;140.231;5.58;0.767;0.116;0.493;2.061;470;862;14.8;;5.9;79.5;1.075.20;162.9;691.4;6.3;14.7;3.4;6.1;9.5;14;6;0;210;6;210;0;9;0.3;#¿NOMBRE?;7;0.015;3.17;45.9;0;45.9
102022;48;24;23-sept-22;07-oct-22;12-oct-22;81.938;140.111;5.58;0.793;0.121;0.544;2.568;26;1.152;14.8;;5.9;83.9;1.110.90;169.2;762.6;6.5;18.3;0.2;8.2;8.4;14;5;0;210;5;210;0;9;0.3;#¿NOMBRE?;7;0.015;3.17;54.5;0;54.5
102022;49;24;27-sept-22;12-oct-22;16-oct-22;78.143;140.368;5.81;0.887;0.137;0.654;2.857;0;1.37;14.8;;6.2;89.2;1.244.90;192.3;917.6;6.2;20.4;0;9.8;9.8;15;4;0;210;4;210;0;9;0.3;#¿NOMBRE?;7;0.015;3.17;61.7;0;61.7
102022;50;24;30-sept-22;14-oct-22;21-oct-22;75.661;135.822;6.12;0.791;0.125;0.518;2.086;0;1.251;15.8;;6.5;81.3;1.074.50;169.6;703.8;6;15.4;0;9.2;9.2;14;7;0;210;7;210;0;9;0.3;#¿NOMBRE?;7;0.016;3.27;53;0;53
102022;51;24;03-oct-22;17-oct-22;23-oct-22;78.242;149.759;5.59;0.827;0.126;0.553;3.061;0;1.718;14.6;;5.9;82.2;1.238.10;189;828.7;6.2;20.4;0;11.5;11.5;14;6;0;210;6;210;0;9;0.3;#¿NOMBRE?;7;0.014;2.97;60.9;0;60.9
102022;52;24;06-oct-22;20-oct-22;27-oct-22;77.853;147.867;5.15;0.813;0.137;0.593;3.01;0;1.655;14.7;;5.4;89.9;1.201.80;202.5;877.3;6.2;20.4;0;11.2;11.2;14;7;0;210;7;210;0;9;0.3;#¿NOMBRE?;7;0.014;3.01;65;0;65
102022;53;24;09-oct-22;23-oct-22;28-oct-22;75.839;146.957;5.22;0.686;0.113;0.467;2.847;0;1.608;14.2;;5.5;84.4;1.008.70;165.9;685.7;6;19.4;0;10.9;10.9;14;5;0;210;5;210;0;9;0.3;#¿NOMBRE?;7;0.014;3.02;60.7;0;60.7
102022;54;24;11-oct-22;25-oct-22;31-oct-22;75.054;147.843;5.89;0.647;0.103;0.42;3.046;0;1.661;14.9;;6.3;80.9;956.7;152.9;621.1;6;20.6;0;11.2;11.2;14;6;0;210;6;210;0;9;0.3;#¿NOMBRE?;7;0.014;3.01;59.7;0;59.7
112022;55;24;20-oct-22;03-nov-22;09-nov-22;75.226;147.072;5.87;0.806;0.147;0.546;2.903;0;1.698;14;;6.2;86.1;1.184.80;216.5;803.5;6;19.7;0;11.5;11.5;14;6;0;210;6;210;0;9;0.3;#¿NOMBRE?;7;0.014;3.02;63.6;0;63.6
112022;56;24;22-oct-22;05-nov-22;12-nov-22;76.162;140.135;5.99;1,019;0.282;0.64;2.952;0;1.588;14.6;;6.4;90.5;1.427.80;395.2;897;6;21.1;0;11.3;11.3;14;7;0;210;7;210;0;9;0.3;#¿NOMBRE?;7;0.015;3.17;68.1;0;68.1
112022;57;24;27-oct-22;10-nov-22;17-nov-22;75.821;134.341;6.32;0.925;0.188;0.632;3.055;0;1.661;15.3;;6.7;88.7;1.242.10;252.9;848.9;6;22.7;0;12.4;12.4;14;7;0;210;7;210;0;9;0.3;#¿NOMBRE?;7;0.016;3.31;68.5;0;68.5
112022;58;24;30-oct-22;13-nov-22;18-nov-22;77.044;134.709;6.79;0.688;0.212;0.359;2.615;267;1.352;13.3;;7.3;83.1;926.2;285.8;483.6;6.1;19.4;2;10;12;14;5;0;210;5;210;0;9;0.3;#¿NOMBRE?;7;0.016;3.3;60.8;0;60.8
112022;59;24;02-nov-22;17-nov-22;21-nov-22;78.759;142.166;5.84;0.792;0.164;0.52;2.907;1.376;403;14.8;;6.2;86.4;1.126.40;232.8;739.9;6.3;20.4;9.7;2.8;12.5;15;4;0;210;4;210;0;9;0.3;#¿NOMBRE?;7;0.015;3.13;43.6;0;43.6
112022;60;24;05-nov-22;19-nov-22;24-nov-22;78.504;142.52;5.77;0.775;0.175;0.487;3.158;226;1.632;15.3;;6.1;85.4;1.104.00;249.8;693.5;6.2;22.2;1.6;11.5;13;14;5;0;210;5;210;0;9;0.3;#¿NOMBRE?;7;0.015;3.12;64.7;0;64.7
112022;61;24;09-nov-22;23-nov-22;28-nov-22;77.817;142.427;6.16;0.656;0.187;0.352;2.857;0;1.593;14.3;;6.6;82.3;933.9;266.8;501.5;6.2;20.1;0;11.2;11.2;14;5;0;210;5;210;0;9;0.3;#¿NOMBRE?;7;0.015;3.12;62.1;0;62.1
122022;62;24;12-nov-22;26-nov-22;01-dic-22;78.396;142.077;5.77;0.569;0.116;0.33;3.187;24;1.686;13.6;;6.1;78.6;807.8;165.3;469.2;6.2;22.4;0.2;11.9;12;14;5;0;210;5;210;0;9;0.3;#¿NOMBRE?;7;0.015;3.13;61.4;0;61.4
122022;63;24;15-nov-22;29-nov-22;04-dic-22;76.77;142.041;5.31;0.672;0.11;0.401;2.948;87;1.764;12.7;;5.6;76;954.6;155.7;569.4;6.1;20.8;0.6;12.4;13;14;5;0;210;5;210;0;9;0.3;#¿NOMBRE?;7;0.015;3.13;59.7;0;59.7
122022;64;24;18-nov-22;02-dic-22;08-dic-22;75.718;142.526;4.9;0.824;0.131;0.587;3.247;855;888;13.7;;5.2;87;1.174.80;186.1;836;6;22.8;6;6.2;12.2;14;6;0;210;6;210;0;9;0.3;#¿NOMBRE?;7;0.015;3.12;54.5;0;54.5
122022;65;24;21-nov-22;05-dic-22;11-dic-22;78.172;141.786;6.53;0.829;0.151;0.592;2.759;0;1.755;13.5;;7;89.5;1.175.80;213.5;838.9;6.2;19.5;0;12.4;12.4;14;6;0;210;6;210;0;9;0.3;#¿NOMBRE?;7;0.015;3.14;67;0;67
122022;66;24;27-nov-22;11-dic-22;16-dic-22;77.351;142.25;5.53;0.733;0.116;0.516;3.021;214;1.497;14.5;;5.9;86.2;1.042.40;165.2;733.6;6.1;21.2;1.5;10.5;12;14;5;0;210;5;210;0;9;0.3;#¿NOMBRE?;7;0.015;3.12;62.1;0;62.1
122022;67;24;30-nov-22;14-dic-22;19-dic-22;77.888;141.286;6.04;0.788;0.128;0.575;3.129;300;1.504;14.7;;6.4;89.2;1.112.90;181;811.9;6.2;22.1;2.1;10.6;12.8;14;5;0;210;5;210;0;9;0.3;#¿NOMBRE?;7;0.015;3.15;64.6;0;64.6
122022;68;24;03-dic-22;17-dic-22;23-dic-22;79.337;142.548;6.53;0.701;0.116;0.507;3.283;0;1.896;14;;7;88.9;999;165.7;722.1;6.3;23;0;13.3;13.3;14;6;0;210;6;210;0;9;0.3;#¿NOMBRE?;7;0.015;3.12;69.8;0;69.8
122022;69;24;08-dic-22;22-dic-22;28-dic-22;80.705;143.876;6.01;0.665;0.118;0.485;2.915;140;1.658;15.5;;6.4;90.7;956.4;170.4;697.2;6.4;20.3;1;11.5;12.5;14;6;0;210;6;210;0;9;0.3;#¿NOMBRE?;7;0.015;3.09;65.7;0;65.7
122022;70;24;11-dic-22;25-dic-22;31-dic-22;81.161;143.213;5.45;0.626;0.114;0.423;2.882;0;1.995;16.2;;5.8;85.7;896.9;162.9;605.4;6.4;20.1;0;13.9;13.9;14;6;0;210;6;210;0;9;0.3;#¿NOMBRE?;6;0.013;2.66;66.4;0;66.4
12023;71;24;14-dic-22;28-dic-22;03-ene-23;81.012;143.865;5.92;0.646;0.118;0.451;2.505;528;1.243;16.5;;6.3;87.9;930.1;169.4;648.2;6.4;17.4;3.7;8.6;12.3;14;6;0;210;6;210;0;9;0.3;#¿NOMBRE?;6;0.013;2.65;56.7;0;56.7
12023;72;24;17-dic-22;31-dic-22;05-ene-23;80.088;142.863;5.48;0.65;0.109;0.461;3.245;338;1.36;15;;5.8;87.7;928.3;155.2;659.3;6.4;22.7;2.4;9.5;11.9;14;5;0;210;5;210;0;9;0.3;#¿NOMBRE?;6;0.013;2.67;61.7;0;61.7
12023;73;24;21-dic-22;04-ene-23;10-ene-23;79.574;142.196;6.56;0.736;0.124;0.539;3.005;408;1.197;15.5;;7;90.1;1.046.20;176.9;765.9;6.3;21.1;2.9;8.4;11.3;14;6;0;210;6;210;0;9;0.3;#¿NOMBRE?;6;0.013;2.68;59.8;0;59.8
12023;74;24;24-dic-22;07-ene-23;13-ene-23;82.262;142.574;6.2;0.608;0.106;0.406;3.111;264;1.409;15.4;;6.6;84;867.5;150.4;578.2;6.5;21.8;1.8;9.9;11.7;14;6;0;210;6;210;0;9;0.3;#¿NOMBRE?;6;0.013;2.67;59.7;0;59.7
12023;75;24;26-dic-22;09-ene-23;15-ene-23;84.333;142.255;6.03;0.862;0.135;0.641;3.015;272;1.52;16.2;;6.4;90;1.225.80;192.3;911.3;6.7;21.2;1.9;10.7;12.6;14;6;0;210;6;210;0;9;0.3;#¿NOMBRE?;6;0.013;2.68;64.1;0;64.1
12023;76;24;29-dic-22;12-ene-23;18-ene-23;80.296;142.778;5.98;0.831;0.136;0.615;3.133;42;1.553;16.4;;6.4;90.3;1.186.50;193.7;877.8;6.4;21.9;0.3;10.9;11.2;14;6;0;210;6;210;0;9;0.3;#¿NOMBRE?;6;0.013;2.67;65.1;0;65.1
12023;77;24;01-ene-23;16-ene-23;21-ene-23;79.535;143.05;5.85;0.64;0.108;0.447;3.22;65;1.651;15.9;24.571;6.2;86.8;914.9;154.7;639.7;6.3;22.5;0.5;11.5;12;15;5;17.2;210;5;210;0;9;0.3;#¿NOMBRE?;6;0.013;2.66;64.6;0;64.6
12023;78;24;04-ene-23;18-ene-23;25-ene-23;79.482;144.801;4.88;0.653;0.109;0.466;2.905;686;916;15.3;24.274;5.1;88;945.7;158.3;674.1;6.3;20.1;4.7;6.3;11.1;14;7;16.8;210;7;210;0;9;0.3;#¿NOMBRE?;6;0.013;2.63;53.3;0;53.3
12023;79;24;07-ene-23;21-ene-23;29-ene-23;80.474;144.636;5.24;0.643;0.116;0.45;2.663;221;1.445;15.4;21.35;5.5;88;930;167.6;651.1;6.4;18.4;1.5;10;11.5;14;8;14.8;279;8;279;0;9;0.3;#¿NOMBRE?;6;0.013;3.5;61.1;0;61.1
22023;80;24;16-ene-23;30-ene-23;05-feb-23;81.51;146.729;5.82;0.667;0.13;0.458;2.829;886;911;15.3;21.702;6.2;88.2;978.4;191;672.2;6.5;19.3;6;6.2;12.3;14;6;14.8;272;6;272;0;9;0.3;#¿NOMBRE?;6;0.012;3.36;54.1;0;54.1
22023;81;24;19-ene-23;02-feb-23;09-feb-23;79.128;142.646;6.53;0.729;0.209;0.449;2.729;148;1.416;15.3;16.626;7;90.3;1.039.50;298.6;639.9;6.3;19.1;1;9.9;11;14;7;11.7;279;7;279;0;9;0.3;#¿NOMBRE?;6;0.013;3.55;64.4;0;64.4
22023;82;24;23-ene-23;07-feb-23;12-feb-23;78.954;144.105;6.5;0.71;0.17;0.468;2.934;60;1.669;15;18.824;6.9;90;1.022.50;245.5;674.9;6.3;20.4;0.4;11.6;12;15;5;13.1;276;5;276;0;9;0.3;#¿NOMBRE?;6;0.013;3.48;67.5;0;67.5
22023;83;24;29-ene-23;13-feb-23;16-feb-23;80.845;145.156;5.27;0.73;0.141;0.512;2.244;39;1.623;14.9;19.506;5.6;89.5;1.060.20;204.8;743.9;6.4;15.5;0.3;11.2;11.5;15;3;13.4;279;3;279;0;9;0.3;#¿NOMBRE?;6;0.012;3.49;62.3;0;62.3
22023;84;24;03-feb-23;16-feb-23;22-feb-23;80.114;143.945;5.97;0.716;0.125;0.511;2.516;26;1.574;14.4;20.539;6.4;88.9;1.030.30;179.6;736.2;6.4;17.5;0.2;10.9;11.1;13;6;14.3;276;6;276;0;9;0.3;#¿NOMBRE?;6;0.013;3.48;62.9;0;62.9
32023;85;24;09-feb-23;23-feb-23;01-mar-23;80.098;143.845;5.54;0.766;0.141;0.559;2.984;794;1.184;14.3;19.269;5.9;91.4;1.101.80;202.8;804;6.4;20.7;5.5;8.2;13.7;14;6;13.4;280;6;280;0;9;0.3;#¿NOMBRE?;6;0.013;3.53;61.4;0;61.4
32023;86;24;13-feb-23;27-feb-23;04-mar-23;80.742;145.031;5.26;0.634;0.103;0.443;3.303;431;1.244;15.5;20.327;5.6;86.1;919.7;149.4;642.1;6.4;22.8;3;8.6;11.5;14;5;14;276;5;276;0;9;0.3;#¿NOMBRE?;6;0.013;3.45;59.5;0;59.5
32023;87;24;17-feb-23;02-mar-23;08-mar-23;78.251;143.144;5.66;0.673;0.125;0.473;2.673;1.395;423;16.3;23.394;6;88.8;963.2;178.3;677.3;6.2;18.7;9.7;3;12.7;13;6;16.3;273;6;273;0;9;0.3;#¿NOMBRE?;6;0.013;3.46;44.5;0;44.5
32023;88;24;21-feb-23;07-mar-23;11-mar-23;80.157;143.702;5.88;0.726;0.126;0.51;2.864;1.195;692;16.8;21.597;6.2;87.6;1.043.60;181.3;732.6;6.4;19.9;8.3;4.8;13.1;14;4;15;268;4;268;0;9;0.3;#¿NOMBRE?;6;0.013;3.38;49.9;0;49.9
32023;89;24;25-feb-23;11-mar-23;17-mar-23;78.29;143.324;5.61;0.638;0.1;0.435;3.316;420;1.384;15.4;22.303;5.9;83.9;913.9;143.1;623.2;6.2;23.1;2.9;9.7;12.6;14;6;15.6;264;6;264;0;9;0.3;#¿NOMBRE?;6;0.013;3.34;60.4;0;60.4
32023;90;24;01-mar-23;15-mar-23;21-mar-23;81.233;145.695;6.14;0.74;0.101;0.491;3.626;101;1.808;14.7;25.361;6.5;80;1.078.70;147.2;715.5;6.4;24.9;0.7;12.4;13.1;14;6;17.4;260;6;260;0;9;0.3;#¿NOMBRE?;6;0.012;3.24;63.8;0;63.8
32023;91;24;04-mar-23;21-mar-23;26-mar-23;80.442;144.998;6.13;0.802;0.128;0.606;2.969;183;1.53;14.8;21.766;6.5;91.6;1.162.90;186;879;6.4;20.5;1.3;10.6;11.8;17;5;15;254;5;254;0;9;0.3;#¿NOMBRE?;6;0.013;3.18;65.3;0;65.3
42023;92;24;10-mar-23;25-mar-23;01-abr-23;81.859;145.89;5.83;0.932;0.131;0.73;2.878;500;1.063;14.6;25.759;6.2;92.4;1.359.90;191.8;1.064.50;6.5;19.7;3.4;7.3;10.7;15;7;17.7;250;7;250;0;9;0.3;#¿NOMBRE?;6;0.012;3.11;58.2;0;58.3
42023;93;24;15-mar-23;30-mar-23;04-abr-23;82.723;145.785;6.33;0.87;0.129;0.665;3.344;15;1.876;15;26.007;6.8;91.2;1.268.90;188.1;969;6.6;22.9;0.1;12.9;13;15;5;17.8;245;5;245;0;9;0.3;#¿NOMBRE?;6;0.012;3.05;70.4;0;70.4
42023;94;24;19-mar-23;02-abr-23;08-abr-23;80.432;144.872;6.18;0.92;0.211;0.619;2.641;35;1.636;14.9;27.807;6.6;90.2;1.333.20;305.9;896.9;6.4;18.2;0.2;11.3;11.5;14;6;19.2;242;6;242;0;9;0.3;#¿NOMBRE?;6;0.013;3.03;65.5;0;65.5
42023;95;24;23-mar-23;06-abr-23;11-abr-23;80.28;145.1;5.58;0.815;0.143;0.574;3.168;46;1.639;15.8;21.957;5.9;88;1.182.40;208;832.3;6.4;21.8;0.3;11.3;11.6;14;5;15.1;238;5;238;0;9;0.3;#¿NOMBRE?;6;0.013;2.98;65.2;0;65.3
42023;96;24;27-mar-23;11-abr-23;17-abr-23;81.9;145.159;5.56;0.754;0.114;0.537;3.046;340;1.259;15.5;17.871;5.9;86.5;1.093.90;165.9;780;6.5;21;2.3;8.7;11;15;6;12.3;233;6;233;0;9;0.3;#¿NOMBRE?;6;0.012;2.91;58.4;0;58.4
42023;97;24;31-mar-23;16-abr-23;19-abr-23;81.9;145.136;3.04;0.661;0.254;0.281;3.004;84;260;15.3;21.008;3.1;81;959.7;368.9;408.4;6.5;20.7;0.6;1.8;2.4;16;3;14.5;228;3;228;0;9;0.3;#¿NOMBRE?;6;0.013;2.85;39.9;0;39.9
42023;98;24;04-abr-23;18-abr-23;23-abr-23;79.935;139.886;4.03;0.853;0.135;0.64;2.623;17;1.56;14.5;23.133;4.2;90.8;1.193.00;188.6;894.7;6.3;18.8;0.1;11.2;11.3;14;5;16.5;226;5;226;0;9;0.3;#¿NOMBRE?;6;0.013;2.93;64.6;0;64.6
52023;99;24;09-abr-23;26-abr-23;02-may-23;79.181;140.228;4.88;0.77;0.117;0.588;3.038;333;1.4;14.9;18.821;5.1;91.5;1.079.90;163.4;824.8;6.3;21.7;2.4;10;12.4;17;6;13.4;218;6;218;0;9;0.3;#¿NOMBRE?;6;0.013;2.82;64.1;0.02;63.1
52023;100;24;13-abr-23;05-may-23;12-may-23;77.584;140.237;5.05;0.696;0.107;0.519;2.66;41;1.424;15.2;18.568;5.3;90.1;975.6;150.6;728;6.2;19;0.3;10.2;10.4;22;7;13.2;209;7;209;0;9;0.3;#¿NOMBRE?;6;0.013;2.7;61.7;0.02;60.7
52023;101;24;17-abr-23;05-may-23;12-may-23;76.614;141.251;5.91;0.686;0.11;0.503;2.884;48;1.599;15.2;20.445;6.3;89.3;968.3;154.9;709.9;6.1;20.4;0.3;11.3;11.7;19;6;14.5;209;6;209;0;9;0.3;#¿NOMBRE?;6;0.013;2.68;64.5;0.02;63.4
52023;102;24;20-abr-23;07-may-23;12-may-23;70.611;133.966;5.93;0.869;0.122;0.678;2.816;975;837;15.9;21.132;6.3;92;1.164.70;163.4;908.3;5.6;21;7.3;6.2;13.5;17;5;15.8;207;5;207;0;9;0.3;#¿NOMBRE?;6;0.014;2.8;55.2;0.02;54.3
52023;103;24;22-abr-23;09-may-23;16-may-23;54.279;79.941;6.74;0.774;0.136;0.535;1.414;128;654;15.3;12.289;7.2;86.6;618.7;108.5;427.3;4.3;17.7;1.6;8.2;9.8;17;7;15.4;205;7;205;0;9;0.3;#¿NOMBRE?;6;0.023;4.65;55.8;0.02;54.9
52023;104;24;23-abr-23;14-may-23;19-may-23;51.786;44.733;4.47;0.584;0.27;0.182;861;0;0;15.6;6.345;4.7;77.3;261.3;120.7;81.2;4.1;19.3;0;0;0;21;5;14.2;200;5;200;0;9;0.3;#¿NOMBRE?;6;0.041;8.11;30.4;0.02;30
52023;105;24;23-abr-23;16-may-23;22-may-23;50.4;27.062;3.78;0.562;0.286;0.141;623;0;0;14.5;3.838;3.9;75.9;152;77.3;38.1;4;23;0;0;0;23;6;14.2;198;6;198;0;9;0.3;#¿NOMBRE?;6;0.067;13.28;31.8;0.02;31.3
52023;106;24;23-abr-23;18-may-23;24-may-23;50.4;13.527;3.71;0.568;0.292;0.139;312;0;0;14.4;1.919;3.9;75.9;76.8;39.5;18.8;4;23.1;0;0;0;25;6;14.2;196;6;196;0;9;0.3;#¿NOMBRE?;6;0.134;26.29;32;0.02;31.5
52023;2;25;13-may-23;27-may-23;31-may-23;18.615;38.415;6.3;0.782;0.166;0.5;447;104;173;16.3;5.321;6.7;85.2;300.5;63.9;192;1.5;11.6;2.7;4.5;7.2;14;4;13.9;210;4;210;0;9;0.3;#¿NOMBRE?;7;0.055;11.57;43.7;0;43.7
62023;3;25;13-may-23;27-may-23;01-jun-23;44.272;85.017;6.33;0.879;0.14;0.647;1.836;64;1.091;15.5;11.728;6.8;89.6;747.2;119.4;550.4;3.5;21.6;0.8;12.8;13.6;14;5;13.8;210;5;210;0;9;0.3;#¿NOMBRE?;7;0.025;5.23;68.9;0.1;62
62023;4;25;13-may-23;29-may-23;04-jun-23;64.197;123.614;6.26;0.93;0.161;0.696;2.752;655;1.074;15.3;15.823;6.7;92.1;1.149.80;198.8;860;5.1;22.3;5.3;8.7;14;16;6;12.8;210;6;210;0;9;0.3;#¿NOMBRE?;7;0.017;3.6;62.8;0.1;56.5
62023;5;25;18-may-23;01-jun-23;07-jun-23;80.993;146.068;6.2;0.925;0.127;0.729;2.851;257;1.658;14.8;19.185;6.6;92.5;1.350.60;185.8;1.064.20;6.4;19.5;1.8;11.4;13.1;14;6;13.1;210;6;210;0;9;0.3;#¿NOMBRE?;7;0.014;3.04;66;0.1;59.4
62023;6;25;22-may-23;05-jun-23;11-jun-23;84.813;146.02;6.35;0.864;0.116;0.669;2.993;0;2.017;15.8;22.429;6.8;90.8;1.262.20;169.8;976.4;6.7;20.5;0;13.8;13.8;14;6;15.4;210;6;210;0;9;0.3;#¿NOMBRE?;7;0.014;3.04;69.4;0.1;62.4
62023;7;25;27-may-23;10-jun-23;15-jun-23;84.539;148.546;6.72;0.763;0.115;0.578;2.629;0;1.756;15.5;20.814;7.2;90.9;1.133.70;170.8;859.2;6.7;17.7;0;11.8;11.8;14;5;14;210;5;210;0;9;0.3;#¿NOMBRE?;7;0.014;2.99;64.4;0.1;58
62023;8;25;30-may-23;13-jun-23;18-jun-23;82.049;146.023;6.71;0.702;0.106;0.506;2.893;0;1.741;15.4;18.053;7.2;87.3;1.024.50;155.2;739;6.5;19.8;0;11.9;11.9;14;5;12.4;210;5;210;0;9;0.3;#¿NOMBRE?;7;0.014;3.04;64;0.1;57.6
62023;9;25;02-jun-23;16-jun-23;23-jun-23;80.692;145.245;5.27;0.677;0.098;0.504;3.045;670;1.109;15.6;20.667;5.6;89.1;982.6;142.3;732.7;6.4;21;4.6;7.6;12.2;14;7;14.2;210;7;210;0;9;0.3;#¿NOMBRE?;7;0.015;3.06;57.1;0.1;51.4
62023;10;25;05-jun-23;20-jun-23;26-jun-23;81.007;145.812;4.99;0.719;0.11;0.517;3.143;1.951;118;15.2;17.55;5.3;87.2;1.048.20;160.5;753.4;6.4;21.6;13.4;0.8;14.2;15;6;12;210;6;210;0;9;0.3;#¿NOMBRE?;7;0.015;3.05;35.3;0.1;31.8
62023;11;25;09-jun-23;25-jun-23;29-jun-23;80.347;144.625;7.21;0.965;0.142;0.705;2.811;127;1.602;14.1;21.519;7.8;87.8;1.395.20;205.1;1.019.90;6.4;19.4;0.9;11.1;12;16;4;14.9;210;4;210;0;9;0.3;#¿NOMBRE?;7;0.015;3.07;63.3;0.1;57
72023;12;25;14-jun-23;28-jun-23;03-jul-23;80.151;144.272;6.42;0.86;0.146;0.612;2.677;301;1.372;15.6;24.331;6.9;88.1;1.240.90;210.1;883;6.4;18.6;2.1;9.5;11.6;14;5;16.9;210;5;210;0;9;0.3;#¿NOMBRE?;7;0.015;3.08;59.8;0.12;52.4
72023;13;25;18-jun-23;06-jul-23;12-jul-23;80.314;144.566;5.42;0.853;0.136;0.61;2.811;664;1.234;15.9;20.076;5.7;87.5;1.232.60;196.2;882;6.4;19.4;4.6;8.5;13.1;18;6;13.9;210;6;210;0;9;0.3;#¿NOMBRE?;7;0.015;3.07;57.8;0.08;53.2
72023;14;25;21-jun-23;09-jul-23;15-jul-23;80.204;144.368;7.47;0.789;0.118;0.596;2.731;0;1.683;15.2;17.973;8.1;90.5;1.138.90;170;860.6;6.4;18.9;0;11.7;11.7;18;6;12.4;210;6;210;0;9;0.3;#¿NOMBRE?;7;0.015;3.08;64.9;0.05;61.4
72023;15;25;24-jun-23;12-jul-23;18-jul-23;80.172;144.309;7.24;0.811;0.119;0.606;2.943;478;1.127;14.1;23.365;7.8;89.5;1.170.20;171.7;875.2;6.4;20.4;3.3;7.8;11.1;18;6;16.2;210;6;210;0;9;0.3;#¿NOMBRE?;7;0.015;3.08;58;0.11;51.4
72023;16;25;29-jun-23;17-jul-23;23-jul-23;92.635;166.744;6.96;0.815;0.131;0.583;3.38;761;1.057;14.9;25.751;7.5;87.7;1.359.50;219.1;972.5;7.4;20.3;4.6;6.3;10.9;18;6;15.4;210;6;210;0;9;0.3;#¿NOMBRE?;7;0.013;2.67;53.4;0.1;47.9
72023;17;25;04-jul-23;22-jul-23;26-jul-23;100.465;180.837;5.02;0.949;0.2;0.66;3.833;623;1.828;13.9;24.11;5.3;90.7;1.716.30;362.4;1.194.30;8;21.2;3.4;10.1;13.5;18;4;13.3;210;4;210;0;9;0.3;#¿NOMBRE?;7;0.012;2.46;64.5;0.07;60
72023;18;25;08-jul-23;26-jul-23;30-jul-23;103.345;186.021;7.85;0.938;0.183;0.667;3.964;445;2.023;13.8;24.645;8.5;90.6;1.744.60;340.7;1.240.00;8.2;21.3;2.4;10.9;13.3;18;4;13.2;210;4;210;0;9;0.3;#¿NOMBRE?;7;0.011;2.39;65.6;0.07;61.2
82023;19;25;15-jul-23;02-ago-23;07-ago-23;103.148;185.667;6.06;0.859;0.156;0.617;4.015;231;1.933;13.1;18.537;6.5;90;1.594.70;289.8;1.146.20;8.2;21.6;1.2;10.4;11.7;18;5;10;300;5;300;0;9;0.3;#¿NOMBRE?;7;0.011;3.42;65.3;0;65.3
82023;20;25;18-jul-23;05-ago-23;11-ago-23;93.311;167.959;6.91;0.793;0.129;0.597;3.256;643;1.744;13.5;25.467;7.4;91.5;1.331.70;215.9;1.002.30;7.4;19.4;3.8;10.4;14.2;18;6;15.2;300;6;300;0;9;0.3;#¿NOMBRE?;7;0.013;3.78;65.1;0.1;58.6
82023;21;25;22-jul-23;09-ago-23;14-ago-23;89.46;163.12;6.17;0.713;0.109;0.497;3.214;0;1.813;13.3;21.998;6.6;84.9;1.163.80;177.9;810.6;7.1;19.7;0;11.1;11.1;18;5;13.5;300;5;300;0;9;0.3;#¿NOMBRE?;7;0.013;3.89;62.7;0.07;58.2
82023;22;25;27-jul-23;14-ago-23;19-ago-23;84.42;150.43;6.1;0.724;0.109;0.469;3.486;237;1.588;13.8;22.311;6.5;79.8;1.089.40;163.4;705.9;6.7;23.2;1.6;10.6;12.1;18;5;14.8;300;5;300;0;9;0.3;#¿NOMBRE?;7;0.014;4.22;58.9;0.09;53.4
102023;23;25;30-jul-23;15-oct-23;21-oct-23;80.038;145.875;7.09;0.421;0.027;0.11;2.644;2.991;58;13.9;24.682;7.6;32.5;614;39.1;160.3;6.4;18.1;20.5;0.4;20.9;77;6;16.9;250;6;250;0;9;0.3;#¿NOMBRE?;7;0.015;3.63;16;0.12;14
82023;24;25;06-ago-23;21-ago-23;25-ago-23;78.826;146.263;6.93;0.723;0.106;0.461;2.746;455;1.335;14.2;21.152;7.4;78.4;1.058.20;155;674.6;6.3;18.8;3.1;9.1;12.2;15;4;14.5;300;4;300;0;9;0.3;#¿NOMBRE?;7;0.014;4.34;54.8;0.09;50
82023;25;25;10-ago-23;24-ago-23;29-ago-23;77.641;146.397;6.02;0.802;0.13;0.592;2.968;73;1.695;14.7;21.554;6.4;90.1;1.173.80;190.5;867.4;6.2;20.3;0.5;11.6;12.1;14;5;14.7;300;5;300;0;9;0.3;#¿NOMBRE?;7;0.014;4.34;66.8;0.09;60.6
92023;26;25;14-ago-23;29-ago-23;04-sept-23;78.603;146.528;5.63;0.853;0.154;0.612;3.267;1.108;882;14.7;20.889;6;89.7;1.250.50;224.9;897;6.2;22.3;7.6;6;13.6;15;6;14.3;280;6;280;0;9;0.3;#¿NOMBRE?;7;0.014;4.04;64.5;0.16;54
92023;27;25;18-ago-23;01-sept-23;08-sept-23;78.89;146.537;5.45;0.917;0.146;0.7;3.163;2.099;209;14.1;20.707;5.8;92.2;1.344.30;214.2;1.025.40;6.3;21.6;14.3;1.4;15.7;14;7;14.1;280;7;280;0;9;0.3;#¿NOMBRE?;7;0.014;4.04;62.5;0.16;52.6
92023;28;25;21-ago-23;05-sept-23;11-sept-23;77.241;146.947;6.94;0.892;0.158;0.643;2.864;168;1.523;14.2;21.572;7.5;89.8;1.311.10;232.2;945.2;6.1;19.5;1.1;10.4;11.5;15;6;14.7;260;6;260;0;9;0.3;#¿NOMBRE?;7;0.014;3.75;64.3;0.17;53
92023;29;25;25-ago-23;08-sept-23;14-sept-23;76.677;146.878;7.04;0.773;0.12;0.578;2.901;582;1.171;14.1;23.673;7.6;90.4;1.135.60;176.7;849.6;6.1;19.7;4;8;11.9;14;6;16.1;260;6;260;0;9;0.3;#¿NOMBRE?;7;0.014;3.75;59.4;0.21;46.8
92023;30;25;27-ago-23;10-sept-23;16-sept-23;77.616;146.806;5.52;0.816;0.118;0.607;3.314;0;1.903;15.3;23.265;5.8;88.9;1.197.70;173.7;890.5;6.2;22.6;0;13;13;14;6;15.8;260;6;260;0;9;0.3;#¿NOMBRE?;7;0.014;3.75;66;0.21;52.4
92023;31;25;30-ago-23;13-sept-23;19-sept-23;77.989;146.45;6.2;0.921;0.136;0.69;3.108;632;1.374;15.1;22.321;6.6;89.7;1.348.20;199.6;1.010.30;6.2;21.2;4.3;9.4;13.7;14;6;15.2;260;6;260;0;9;0.3;#¿NOMBRE?;7;0.014;3.76;61.9;0.19;50.1
92023;32;25;03-sept-23;17-sept-23;22-sept-23;77.178;138.921;6.54;0.917;0.144;0.701;2.849;2.094;0;14;20.006;7;92.2;1.273.70;200.3;973.5;6.1;20.5;15.1;0;15.1;14;5;14.4;260;5;260;0;9;0.3;#¿NOMBRE?;7;0.015;3.96;58.9;0.17;49.1
92023;33;25;07-sept-23;21-sept-23;27-sept-23;77.529;139.553;6.81;0.804;0.138;0.599;2.646;1.78;294;14.6;19.448;7.3;91.6;1.122.00;192.1;835.3;6.2;19;12.8;2.1;14.9;14;6;13.9;260;6;260;0;9;0.3;#¿NOMBRE?;7;0.015;3.94;60.1;0.15;50.9
92023;34;25;09-sept-23;23-sept-23;29-sept-23;78.522;141.34;6.18;0.993;0.137;0.762;2.811;989;894;15.5;22.063;6.6;90.5;1.403.50;193.2;1.077.30;6.2;19.9;7;6.3;13.3;14;6;15.6;260;6;260;0;9;0.3;#¿NOMBRE?;7;0.015;3.89;62.5;0.2;50.1
102023;35;25;12-sept-23;26-sept-23;02-oct-23;78.837;141.906;6.4;0.791;0.118;0.613;2.839;1.385;917;14.2;21.362;6.8;92.4;1.122.60;167.5;869.9;6.3;20;9.8;6.5;16.2;14;6;15.1;260;6;260;0;9;0.3;#¿NOMBRE?;7;0.015;3.88;57;0.23;44
102023;36;25;15-sept-23;30-sept-23;07-oct-23;78.428;141.17;4.82;0.787;0.119;0.576;2.782;940;858;14.3;23.256;5.1;88.3;1.111.00;167.7;813.2;6.2;19.7;6.7;6.1;12.7;15;7;16.5;240;7;240;0;9;0.3;#¿NOMBRE?;7;0.015;3.6;53.6;0.27;39.1
102023;37;25;19-sept-23;03-oct-23;09-oct-23;78.352;141.034;6.44;1,047;0.183;0.736;2.662;285;1.159;14.4;24.698;6.9;87.8;1.476.10;258.3;1.037.70;6.2;18.9;2;8.2;10.2;14;6;17.5;240;6;240;0;9;0.3;#¿NOMBRE?;7;0.015;3.6;58.5;0.3;41.1
102023;38;25;22-sept-23;06-oct-23;13-oct-23;78.925;142.065;6.22;1,057;0.18;0.759;2.945;821;1.132;14.4;25.165;6.6;88.9;1.501.00;256;1.079.00;6.3;20.7;5.8;8;13.7;14;7;17.7;240;7;240;0;9;0.3;#¿NOMBRE?;7;0.015;3.58;59.1;0.3;41.2
102023;39;25;26-sept-23;13-oct-23;19-oct-23;79.919;143.982;6.37;1,019;0.159;0.78;2.998;1.097;1.126;14.2;25.334;6.8;92.2;1.467.10;229.1;1.122.90;6.3;20.8;7.6;7.8;15.4;17;6;17.6;240;6;240;0;9;0.3;#¿NOMBRE?;7;0.015;3.53;60.2;0.3;42.2
102023;40;25;29-sept-23;13-oct-23;19-oct-23;80.701;145.562;6.85;0.88;0.117;0.695;2.993;1.767;524;13.9;25.237;7.3;92.3;1.280.90;170;1.011.60;6.4;20.6;12.1;3.6;15.7;14;6;17.3;240;6;240;0;9;0.3;#¿NOMBRE?;7;0.015;3.49;48.4;0.29;34.2
102023;41;25;03-oct-23;17-oct-23;22-oct-23;80.888;145.72;7.06;0.839;0.114;0.653;2.714;219;1.309;14.6;19.93;7.6;91.4;1.222.80;166.1;951.9;6.6;18.6;1.5;9;10.5;14;5;13.7;240;5;240;0;9;0.3;#¿NOMBRE?;7;0.014;3.4;60.7;0.18;49.8
102023;42;25;06-oct-23;20-oct-23;26-oct-23;79.723;143.53;5.44;0.752;0.11;0.564;3.114;1.306;908;15.5;20.355;5.8;89.6;1.078.70;158.1;808.9;6.5;21.7;9.1;6.3;15.4;14;6;14.2;240;6;240;0;9;0.3;#¿NOMBRE?;7;0.014;3.46;54.5;0.2;43.8
102023;43;25;08-oct-23;22-oct-23;28-oct-23;76.975;143.581;6.3;0.837;0.157;0.582;2.983;882;1.345;15;21.243;6.7;88.2;1.202.40;225;835.3;6.3;20.8;6.1;9.4;15.5;14;6;14.8;240;6;240;0;9;0.3;#¿NOMBRE?;7;0.014;3.45;61.4;0.22;48
102023;44;25;11-oct-23;25-oct-23;31-oct-23;86.675;155.515;6.6;0.904;0.141;0.68;3.313;1.407;1.086;14.1;32.06;7.1;90.8;1.406.20;218.6;1.058.10;7;21.3;9;7;16;14;6;20.6;240;6;240;0;9;0.3;#¿NOMBRE?;7;0.013;3.19;57.4;0.37;36.4
112023;45;25;15-oct-23;29-oct-23;04-nov-23;87.374;156.965;6.66;0.821;0.118;0.617;3.061;546;1.614;13.9;33.292;7.1;89.4;1.289.30;184.6;968.3;7.1;19.5;3.5;10.3;13.8;14;6;21.2;240;6;240;0;9;0.3;#¿NOMBRE?;7;0.013;3.16;63.1;0.2;50.4
112023;46;25;20-oct-23;03-nov-23;09-nov-23;78.696;141.624;7.12;0.814;0.142;0.585;2.709;506;1.338;14.9;22.962;7.7;89.3;1.152.60;200.5;828.9;6.4;19.1;3.6;9.4;13;14;6;16.2;240;6;240;0;9;0.3;#¿NOMBRE?;7;0.015;3.5;61.5;0.13;53.2
112023;47;25;22-oct-23;05-nov-23;11-nov-23;80.772;145.532;6.56;0.794;0.154;0.571;2.884;338;1.671;14.2;23.514;7;91.3;1.156.20;224.2;831.5;6.6;19.8;2.3;11.5;13.8;14;6;16.2;210;6;210;0;9;0.3;#¿NOMBRE?;7;0.014;2.98;67;0.13;58
112023;48;25;25-oct-23;09-nov-23;15-nov-23;81.512;146.261;6.26;0.855;0.112;0.695;2.706;390;1.53;14.7;22.302;6.7;94.3;1.250.90;163.4;1.016.60;6.6;18.5;2.7;10.5;13.1;15;6;15.2;210;6;210;0;9;0.3;#¿NOMBRE?;7;0.014;2.97;64.6;0.12;56.9
112023;49;25;27-oct-23;10-nov-23;16-nov-23;82.888;148.684;7.77;0.858;0.111;0.691;2.96;56;1.904;14.8;22.269;8.4;93.4;1.275.70;165.1;1.026.90;6.7;19.9;0.4;12.8;13.2;14;6;15;210;6;210;0;9;0.3;#¿NOMBRE?;7;0.014;2.92;68;0.11;60.2
112023;50;25;30-oct-23;13-nov-23;18-nov-23;82.59;148.432;6.79;0.742;0.106;0.57;2.588;98;1.672;15.3;23.393;7.3;91.1;1.100.90;157;845.9;6.7;17.4;0.7;11.3;11.9;14;5;15.8;210;5;210;0;9;0.3;#¿NOMBRE?;7;0.014;2.92;63.4;0.13;55.3
112023;51;25;02-nov-23;16-nov-23;22-nov-23;80.289;131.46;5.27;0.708;0.091;0.525;2.712;787;980;15.2;18.921;5.6;87;931;119.6;690.3;6.4;20.6;6;7.5;13.4;14;6;14.4;210;6;210;0;9;0.3;#¿NOMBRE?;7;0.016;3.38;55.1;0.1;49.4
112023;52;25;05-nov-23;19-nov-23;26-nov-23;79.017;130.795;5.58;0.712;0.101;0.537;2.505;377;1.552;15.2;18.47;5.9;89.6;931;132.1;702.5;6.3;19.1;2.9;11.9;14.7;14;7;14.1;210;7;210;0;9;0.3;#¿NOMBRE?;7;0.016;3.4;64.9;0.1;58.5
112023;53;25;10-nov-23;24-nov-23;30-nov-23;78.842;130.123;5.58;0.777;0.105;0.592;2.415;552;1.246;14.9;18.703;5.9;89.7;1.011.30;136.8;770.5;6.3;18.6;4.2;9.6;13.8;14;6;14.4;210;6;210;0;9;0.3;#¿NOMBRE?;7;0.016;3.42;60.4;0.1;54.1
122023;54;25;12-nov-23;27-nov-23;03-dic-23;78.597;131.41;6.98;0.788;0.112;0.597;2.199;127;1.842;14.9;20.046;7.5;89.9;1.036.00;147;784.2;6.2;16.7;1;14;15;15;6;15.3;210;6;210;0;9;0.3;#¿NOMBRE?;7;0.016;3.38;64;0.16;53.5
122023;55;25;15-nov-23;30-nov-23;06-dic-23;79.767;130.838;5.45;0.812;0.136;0.613;2.836;708;1.288;15.5;21.113;5.8;92.2;1.062.80;178.3;801.9;6.3;21.7;5.4;9.8;15.3;15;6;16.1;210;6;210;0;9;0.3;#¿NOMBRE?;7;0.016;3.4;63.7;0.18;52
122023;56;25;18-nov-23;06-dic-23;13-dic-23;81.195;131.823;5.96;0.679;0.128;0.453;2.859;147;1.734;15;21.565;6.3;85.6;894.4;168.8;597.2;6.4;21.7;1.1;13.2;14.3;18;7;16.4;210;7;210;0;9;0.3;#¿NOMBRE?;7;0.016;3.37;64.4;0.19;52.2
122023;57;25;22-nov-23;08-dic-23;15-dic-23;81.574;131.784;6.87;0.683;0.124;0.464;2.646;173;1.736;15.3;20.966;7.4;86.1;899.7;163.2;611.1;6.5;20.1;1.3;13.2;14.5;16;7;15.9;210;7;210;0;9;0.3;#¿NOMBRE?;7;0.016;3.37;64.4;0.18;52.9
122023;58;25;25-nov-23;16-dic-23;24-dic-23;80.445;130.226;7.53;0.6;0.093;0.424;2.428;396;1.477;15;18.562;8.1;86.1;781.3;120.7;552.1;6.4;18.6;3;11.3;14.4;21;8;14.3;210;8;210;0;9;0.3;#¿NOMBRE?;7;0.016;3.41;61.8;0.14;53.2
12024;59;25;13-dic-23;27-dic-23;04-ene-24;82.303;135.644;6.65;0.805;0.118;0.594;2.691;358;1.692;13.5;19.217;7.1;88.5;1.091.30;160.6;805.7;6.5;19.8;2.6;12.5;15.1;14;8;14.2;210;8;210;0;9;0.3;#¿NOMBRE?;7;0.016;3.28;65.9;0.11;58.4
12024;60;25;16-dic-23;29-dic-23;06-ene-24;83.212;135.751;6.8;0.772;0.106;0.574;2.92;95;1.797;13.7;18.646;7.3;88;1.048.30;143.4;778.9;6.6;21.5;0.7;13.2;13.9;13;8;13.7;210;8;210;0;9;0.3;#¿NOMBRE?;7;0.016;3.27;65.5;0.11;58.6
12024;61;25;19-dic-23;02-ene-24;10-ene-24;81.554;135.089;8.5;0.849;0.111;0.632;3.112;56;1.781;13.9;21.855;9.3;87.6;1.146.50;149.4;854.4;6.5;23;0.4;13.2;13.6;14;8;16.2;210;8;210;0;9;0.3;#¿NOMBRE?;7;0.016;3.29;65.2;0.15;55.1
12024;62;25;22-dic-23;05-ene-24;13-ene-24;80.312;132.534;7.74;0.728;0.11;0.533;2.946;510;1.237;14;20.075;8.4;88.3;965;145.1;707;6.4;22.2;3.9;9.3;13.2;14;8;15.1;210;8;210;0;9;0.3;#¿NOMBRE?;7;0.016;3.35;60.7;0.14;52.5
12024;63;25;25-dic-23;08-ene-24;16-ene-24;79.188;135.182;7.78;0.629;0.104;0.409;2.807;34;1.733;13.7;19.15;8.4;81.6;850.8;140.9;553;6.3;20.8;0.3;12.8;13.1;14;8;14.2;210;8;210;0;9;0.3;#¿NOMBRE?;7;0.016;3.29;62;0.11;54.9
12024;64;25;28-dic-23;13-ene-24;21-ene-24;77.862;133.203;6.76;0.592;0.113;0.376;2.866;245;1.504;14;20.694;7.3;82.6;788.2;151;500.2;6.2;21.5;1.8;11.3;13.1;16;8;15.5;210;8;210;0;9;0.3;#¿NOMBRE?;7;0.016;3.34;61.6;0.14;52.8
12024;65;25;31-dic-23;14-ene-24;22-ene-24;78.937;134.859;6.44;0.64;0.146;0.401;2.884;1.133;757;13.6;20.992;6.9;85.4;863.5;196.4;541.3;6.3;21.4;8.4;5.6;14;14;8;15.6;210;8;210;0;9;0.3;#¿NOMBRE?;7;0.016;3.3;52;0.14;44.6
12024;66;25;03-ene-24;18-ene-24;25-ene-24;80.705;137.454;7.51;0.807;0.142;0.595;2.731;357;1.515;13.6;22.094;8.1;91.2;1.109.40;194.7;817.3;6.4;19.9;2.6;11;13.6;15;7;16.1;210;7;210;0;9;0.3;#¿NOMBRE?;7;0.015;3.23;66.2;0.15;56.1
12024;67;25;06-ene-24;20-ene-24;27-ene-24;80.508;137.18;6.68;0.763;0.133;0.55;2.843;369;1.439;13.8;21.379;7.2;89.6;1.046.30;182.7;754.4;6.4;20.7;2.7;10.5;13.2;14;7;15.6;210;7;210;0;9;0.3;#¿NOMBRE?;7;0.015;3.24;64.2;0.14;55
12024;68;25;08-ene-24;23-ene-24;31-ene-24;80.003;136.77;5.83;0.819;0.122;0.611;2.699;166;1.575;14.7;24.602;6.2;89.5;1.120.80;167.3;836;6.3;19.7;1.2;11.5;12.7;15;8;18;210;8;210;0;9;0.3;#¿NOMBRE?;7;0.015;3.25;65.2;0;65.2
22024;69;25;11-ene-24;26-ene-24;03-feb-24;82.523;140.526;6.4;0.79;0.12;0.526;2.882;319;1.529;14;23.505;6.8;81.8;1.109.80;168.8;738.8;6.5;20.5;2.3;10.9;13.1;15;8;16.7;210;8;210;0;9;0.3;#¿NOMBRE?;7;0.015;3.16;60.3;0.05;57.2
22024;70;25;14-ene-24;01-feb-24;09-feb-24;82.307;141.202;7.02;0.768;0.131;0.515;2.841;0;1.746;13.3;24.956;7.5;84.1;1.085.10;184.8;727.9;6.5;20.1;0;12.4;12.4;18;8;17.7;210;8;210;0;9;0.3;#¿NOMBRE?;6;0.013;2.7;64.1;0.08;59
22024;71;25;20-ene-24;07-feb-24;15-feb-24;79.594;135.888;7.58;0.785;0.104;0.506;2.518;171;1.332;13.8;23.617;8.2;77.8;1.066.10;141.7;688.1;6.3;18.5;1.3;9.8;11.1;18;8;17.4;210;8;210;0;9;0.3;#¿NOMBRE?;6;0.013;2.8;55;0;55
22024;72;25;30-ene-24;13-feb-24;21-feb-24;82.011;136.081;8.54;0.815;0.138;0.579;2.502;334;1.522;13.5;20.791;9.3;87.9;1.109.60;188;787.4;6.5;18.4;2.5;11.2;13.6;14;8;15.3;210;8;210;0;9;0.3;#¿NOMBRE?;6;0.013;2.8;63.8;0;63.8
22024;73;25;02-feb-24;16-feb-24;24-feb-24;81;142.607;6.64;0.923;0.138;0.676;2.698;134;1.809;13.3;23.521;7.1;88.2;1.315.60;196.4;964;6.4;18.9;0.9;12.7;13.6;14;8;16.5;210;8;210;0;9;0.3;#¿NOMBRE?;6;0.013;2.67;65.7;0;65.7
22024;74;25;05-feb-24;19-feb-24;27-feb-24;79.637;142.08;6.18;0.763;0.121;0.532;2.656;339;1.424;14.1;21.753;6.6;85.6;1.084.60;172.4;756.2;6.3;18.7;2.4;10;12.4;14;8;15.3;210;8;210;0;9;0.3;#¿NOMBRE?;6;0.013;2.68;60.1;0;60.1
32024;75;25;09-feb-24;23-feb-24;02-mar-24;82.664;142.364;5.75;0.772;0.131;0.554;2.525;640;1.271;13.1;21.454;6.1;88.8;1.098.90;186.8;788.6;6.6;17.7;4.5;8.9;13.4;14;8;15.1;210;8;210;0;9;0.3;#¿NOMBRE?;6;0.013;2.68;59.7;0;59.7
32024;76;25;12-feb-24;26-feb-24;05-mar-24;83.785;143.533;5.69;0.81;0.155;0.568;2.972;1.157;973;13.5;21.827;6;89.3;1.162.00;222.1;815.8;6.6;20.7;8.1;6.8;14.8;14;8;15.2;210;8;210;0;9;0.3;#¿NOMBRE?;6;0.013;2.65;56.9;0;56.9
32024;77;25;15-feb-24;29-feb-24;08-mar-24;82.085;141.452;7.34;0.874;0.123;0.672;2.767;864;1.093;13.5;20.515;7.9;90.9;1.236.80;173.5;950.3;6.5;19.6;6.1;7.7;13.8;14;8;14.5;210;8;210;0;9;0.3;#¿NOMBRE?;6;0.013;2.69;58.8;0;58.8
32024;78;25;18-feb-24;03-mar-24;11-mar-24;79.46;141.565;8.01;0.735;0.108;0.549;2.936;733;1.286;13.9;19.211;8.7;89.4;1.040.40;152.8;777;6.3;20.7;5.2;9.1;14.3;14;8;13.6;210;8;210;0;9;0.3;#¿NOMBRE?;6;0.013;2.69;61;0;61
32024;79;25;22-feb-24;07-mar-24;15-mar-24;81.409;141.316;6.91;0.88;0.145;0.581;2.546;1.019;760;14.1;16.233;7.4;82.4;1.244.10;204.7;820.8;6.5;18;7.2;5.4;12.6;14;8;11.5;210;8;210;0;9;0.3;#¿NOMBRE?;6;0.013;2.7;48.5;0;48.5
32024;80;25;25-feb-24;10-mar-24;18-mar-24;81.722;141.222;6;0.768;0.118;0.534;3.136;94;1.724;13.2;20.753;6.4;84.9;1.084.10;166.5;753.5;6.5;22.2;0.7;12.2;12.9;14;8;14.7;210;8;210;0;9;0.3;#¿NOMBRE?;6;0.013;2.7;64.4;0;64.4
32024;81;25;29-feb-24;14-mar-24;22-mar-24;79.295;141.301;5.94;0.865;0.116;0.594;2.891;324;1.491;13.5;22.604;6.3;82;1.222.30;163.7;838.7;6.3;20.5;2.3;10.5;12.8;14;8;16;210;8;210;0;9;0.3;#¿NOMBRE?;6;0.013;2.7;59.9;0;59.9
32024;82;25;08-mar-24;22-mar-24;30-mar-24;78.092;143.772;4.89;0.696;0.103;0.382;2.695;936;739;14.8;22.243;5.1;69.7;1.000.50;148.3;549.4;6.2;18.7;6.5;5.1;11.7;14;8;15.5;210;8;210;0;9;0.3;#¿NOMBRE?;6;0.013;2.65;42;0;42
42024;83;25;11-mar-24;25-mar-24;03-abr-24;78.542;145.789;5.86;0.683;0.146;0.391;3.231;86;1.688;13;24.874;6.2;78.6;996.4;212.6;570.3;6.2;22.2;0.6;11.6;12.2;14;9;17.1;210;9;210;0;9;0.3;#¿NOMBRE?;6;0.012;2.61;61.1;0.15;51.8
42024;84;25;14-mar-24;28-mar-24;05-abr-24;80.894;145.106;5.5;0.775;0.149;0.538;3.054;126;1.562;13.1;25.276;5.8;88.6;1.125.10;216.4;780.8;6.4;21;0.9;10.8;11.6;14;8;17.4;210;8;210;0;9;0.3;#¿NOMBRE?;6;0.013;2.63;65.3;0.15;55.3
42024;85;25;18-mar-24;01-abr-24;09-abr-24;82.324;148.386;4.97;0.523;0.103;0.323;2.825;340;1.312;14.1;26.015;5.2;81.5;776.5;152.9;479.9;6.5;19;2.3;8.8;11.1;14;8;17.5;210;8;210;0;9;0.3;#¿NOMBRE?;6;0.012;2.57;56.3;0.15;47.7
42024;86;25;22-mar-24;05-abr-24;13-abr-24;81.075;145.733;4.97;0.559;0.13;0.329;2.958;193;1.364;13.9;24.378;5.2;82.1;814.8;189.3;479.4;6.4;20.3;1.3;9.4;10.7;14;8;16.7;210;8;210;0;9;0.3;#¿NOMBRE?;6;0.012;2.61;58.9;0.15;49.9
42024;87;25;25-mar-24;08-abr-24;16-abr-24;80.239;145.902;5.11;0.646;0.131;0.359;3.334;0;1.716;14.4;24.959;5.4;75.9;943;191.8;523.5;6.4;22.8;0;11.8;11.8;14;8;17.1;210;8;210;0;9;0.3;#¿NOMBRE?;6;0.012;2.61;59.1;0.15;50.1
42024;88;25;28-mar-24;11-abr-24;19-abr-24;80.004;145.224;6.3;0.637;0.14;0.387;3.123;275;1.366;15;24.287;6.7;82.7;925.8;203.5;561.7;6.3;21.5;1.9;9.4;11.3;14;8;16.7;210;8;210;0;9;0.3;#¿NOMBRE?;6;0.012;2.62;58.9;0.15;49.9
42024;89;25;31-mar-24;16-abr-24;24-abr-24;80.606;145.974;5.8;0.661;0.168;0.383;2.757;812;1.109;14.3;24.656;6.2;83.5;965;245.5;559.7;6.4;18.9;5.6;7.6;13.2;16;8;16.9;210;8;210;0;9;0.3;#¿NOMBRE?;6;0.012;2.61;55.7;0.15;47.2
42024;90;25;03-abr-24;17-abr-24;25-abr-24;81.569;149.96;6.83;0.594;0.103;0.4;2.87;319;1.642;15.3;22.975;7.3;84.6;891.3;154.4;599.7;6.5;19.1;2.1;10.9;13.1;14;8;15.3;210;8;210;0;9;0.3;#¿NOMBRE?;6;0.012;2.54;61.3;0.1;55.2
42024;91;25;06-abr-24;20-abr-24;28-abr-24;81.498;149.605;6.56;0.553;0.135;0.314;3.323;389;1.634;15.2;23.867;7;81.1;828;202.2;469.3;6.5;22.2;2.6;10.9;13.5;14;8;16;210;8;210;0;9;0.3;#¿NOMBRE?;6;0.012;2.55;60.9;0.1;54.8
52024;92;25;09-abr-24;24-abr-24;02-may-24;81.412;149.181;7.16;0.565;0.101;0.365;3.247;192;1.771;15.1;22.795;7.7;82.4;843;150.1;544.9;6.5;21.8;1.3;11.9;13.2;15;8;15.3;210;8;210;0;9;0.3;#¿NOMBRE?;6;0.012;2.55;62.5;0;62.5
52024;93;25;12-abr-24;26-abr-24;04-may-24;80.311;146.992;6.91;0.601;0.104;0.411;3.213;1;1.94;15.4;22.738;7.4;85.7;882.7;152.8;603.7;6.4;21.9;0;13.2;13.2;14;8;15.5;210;8;210;0;9;0.3;#¿NOMBRE?;6;0.012;2.59;64.6;0;64.6
52024;94;25;16-abr-24;30-abr-24;08-may-24;79.95;146.957;6.71;0.679;0.124;0.458;2.864;34;2.059;14.9;19.326;7.2;85.8;997.3;182.2;673.8;6.3;19.5;0.2;14;14.2;14;8;13.2;210;8;210;0;9;0.3;#¿NOMBRE?;6;0.012;2.59;64.9;0;64.9
52024;95;25;22-abr-24;07-may-24;15-may-24;79.95;149.68;7.61;0.867;0.124;0.615;3.068;124;1.778;14.7;23.742;8.2;85.2;1.297.70;185;920.1;6.3;20.5;0.8;11.9;12.7;15;8;15.9;210;8;210;0;9;0.3;#¿NOMBRE?;6;0.012;2.55;64.1;0;64.1
52024;96;25;25-abr-24;10-may-24;18-may-24;79.95;153.284;7.2;0.639;0.092;0.446;3.325;154;1.88;14.4;24.386;7.8;84.2;980;141.3;683.9;6.3;21.7;1;12.3;13.3;15;8;15.9;210;8;210;0;9;0.3;#¿NOMBRE?;6;0.012;2.49;63.5;0;63.5
52024;97;25;28-abr-24;12-may-24;20-may-24;79.95;152.703;5.19;0.569;0.114;0.359;3.37;1.375;900;16.4;22.367;5.5;83.2;869.4;174.3;548.6;6.3;22.1;9;5.9;14.9;14;8;14.6;210;8;210;0;9;0.3;#¿NOMBRE?;6;0.012;2.5;50.9;0;50.9
52024;98;25;02-may-24;16-may-24;24-may-24;79.95;153.217;5.85;0.554;0.159;0.291;3.455;437;1.586;15.7;23.259;6.2;81.3;849.4;243.9;446.3;6.3;22.5;2.9;10.4;13.2;14;8;15.2;210;8;210;0;9;0.3;#¿NOMBRE?;6;0.012;2.49;60.6;0;60.6
52024;99;25;05-may-24;19-may-24;27-may-24;79.95;154.813;6.11;0.556;0.149;0.321;3.272;204;1.8;15.3;23.241;6.5;84.6;860.5;231.2;496.8;6.3;21.1;1.3;11.6;12.9;14;8;15;210;8;210;0;9;0.3;#¿NOMBRE?;6;0.012;2.46;64.6;0;64.6
52024;100;25;09-may-24;23-may-24;31-may-24;79.95;153.545;7;0.621;0.132;0.409;3.085;468;1.407;15.5;19.145;7.5;87.2;953.8;202.6;628.7;6.3;20.1;3;9.2;12.2;14;8;12.5;210;8;210;0;9;0.3;#¿NOMBRE?;6;0.012;2.48;60.7;0;60.7
62024;101;25;11-may-24;25-may-24;02-jun-24;81.969;150.075;6.75;0.56;0.099;0.38;2.944;918;1.115;15.7;21.319;7.2;85.5;840.2;148.4;570;6.5;19.6;6.1;7.4;13.5;14;8;14.2;210;8;210;0;9;0.3;#¿NOMBRE?;6;0.012;2.54;55.3;0;55.3
62024;102;25;17-may-24;31-may-24;08-jun-24;78.54;143.543;6.49;0.665;0.161;0.415;2.868;552;1.311;14.3;18.858;6.9;86.6;954.7;231.4;595.1;6.2;20;3.8;9.1;13;14;8;13.1;210;8;210;0;9;0.3;#¿NOMBRE?;6;0.013;2.65;61.3;0;61.3
62024;103;25;19-may-24;02-jun-24;10-jun-24;74.458;135.457;6.54;0.672;0.127;0.47;2.774;84;1.553;14.4;16.76;7;88.8;910.9;172.2;636.4;5.9;20.5;0.6;11.5;12.1;14;8;12.4;210;8;210;0;9;0.3;#¿NOMBRE?;6;0.013;2.81;66.2;0;66.2
62024;104;25;22-may-24;04-jun-24;12-jun-24;74.339;135.471;6.56;0.586;0.15;0.347;3.192;0;1.808;15;18.727;7;84.8;794.4;202.8;470.6;5.9;23.6;0;13.3;13.3;13;8;13.8;210;8;210;0;9;0.3;#¿NOMBRE?;6;0.013;2.81;65.6;0;65.6
62024;105;25;24-may-24;07-jun-24;15-jun-24;79.869;146.371;6.59;0.58;0.105;0.394;3.059;3;1.883;15.2;22.309;7.1;85.9;848.9;153.1;576;6.3;20.9;0;12.9;12.9;14;8;15.2;210;8;210;0;9;0.3;#¿NOMBRE?;6;0.012;2.6;64.9;0;64.9
72024;106;25;26-may-24;09-jun-24;19-jul-24;41.811;54.577;6.55;0.524;0.118;0.279;1.23;50;615;16.3;8.965;7;75.8;285.9;64.2;152.4;3.3;22.5;0.9;11.3;12.2;14;40;16.4;210;40;210;0;9;0.3;#¿NOMBRE?;6;0.033;6.98;58.6;-0.03;60.3
62024;2;26;13-jun-24;20-jun-24;26-jun-24;26.845;48.068;6.48;0.995;0.138;0.722;1.09;37;572;15;7.869;6.9;86.4;478.2;66.4;347;2.1;22.7;0.8;11.9;12.7;7;6;16.4;210;6;210;0;9;0.3;#¿NOMBRE?;7;0.044;9.25;65.7;-0.02;67
62024;3;26;14-jun-24;20-jun-24;26-jun-24;56.54;100.872;6.57;0.935;0.12;0.67;2.153;8;1.216;15.5;14.844;7;84.5;943;121.3;675.9;4.5;21.3;0.1;12.1;12.1;6;6;14.7;210;6;210;0;9;0.3;#¿NOMBRE?;7;0.021;4.41;63.8;-0.02;65.1
72024;4;26;15-jun-24;25-jun-24;01-jul-24;64.264;120.045;6.85;0.993;0.149;0.697;2.487;96;1.504;14.8;21.574;7.4;85.3;1.191.50;178.8;837.3;5.1;20.7;0.8;12.5;13.3;10;6;18;210;6;210;0;9;0.3;#¿NOMBRE?;7;0.018;3.7;65.1;-0.02;66.4
72024;5;26;17-jun-24;27-jun-24;05-jul-24;75.53;138.993;6.22;0.831;0.156;0.557;3.22;432;1.397;15;20.422;6.6;85.8;1.155.60;217.3;774.2;6;23.2;3.1;10;13.2;10;8;14.7;210;8;210;0;9;0.3;#¿NOMBRE?;7;0.015;3.2;62.1;-0.02;63.3
72024;6;26;22-jun-24;06-jul-24;14-jul-24;84.918;158.224;5.18;0.795;0.14;0.512;3.067;786;1.093;14.9;23.577;5.5;82;1.257.80;221.7;809.9;6.7;19.4;5;6.9;11.9;14;8;14.9;210;8;210;0;9;0.3;#¿NOMBRE?;7;0.013;2.81;52.9;-0.18;62.5
72024;7;26;27-jun-24;11-jul-24;19-jul-24;86.834;158.54;6.21;0.768;0.177;0.445;3.468;896;1.135;15.4;26.481;6.6;81;1.217.60;280.6;706;6.9;21.9;5.6;7.2;12.8;14;8;16.7;210;8;210;0;9;0.3;#¿NOMBRE?;7;0.013;2.8;53.9;-0.18;63.7
72024;8;26;29-jun-24;13-jul-24;21-jul-24;86.837;159.569;7.56;0.638;0.117;0.382;3.427;29;2.012;15.1;25.603;8.2;78;1.018.20;185.9;608.8;6.9;21.5;0.2;12.6;12.8;14;8;16;210;8;210;0;9;0.3;#¿NOMBRE?;7;0.013;2.79;60.5;-0.18;71.4
72024;9;26;28-jun-24;12-jul-24;20-jul-24;79.95;145;6;0.593;0.11;0.324;2.9;0;1.74;14;20.3;6.4;73.2;859.1;159.7;469.4;6.3;20;0;12;12;14;8;14;210;8;210;0;9;0.3;#¿NOMBRE?;7;0.015;3.07;58;-0.13;65.5
72024;10;26;01-jul-24;15-jul-24;23-jul-24;79.95;145;6;0.652;0.152;0.397;2.89;22;1.723;14;20.3;6.4;84.2;945.3;220;576.3;6.3;19.9;0.2;11.9;12;14;8;14;210;8;210;0;9;0.3;#¿NOMBRE?;7;0.015;3.07;65.1;-0.02;66.4
72024;11;26;05-jul-24;19-jul-24;27-jul-24;79.95;145;6;0.507;0.169;0.24;2.818;184;1.593;14;20.3;6.4;80.7;735.2;245.1;348;6.3;19.4;1.3;11;12.3;14;8;14;210;8;210;0;9;0.3;#¿NOMBRE?;7;0.015;3.07;62.2;-0.02;63.5
72024;12;26;07-jul-24;21-jul-24;29-jul-24;79.95;145;6;0.507;0.169;0.24;2.9;0;1.74;14;20.3;6.4;80.7;735.2;245.1;348;6.3;20;0;12;12;14;8;14;210;8;210;0;9;0.3;#¿NOMBRE?;7;0.015;3.07;64.3;-0.02;65.6
82024;13;26;10-jul-24;24-jul-24;01-ago-24;79.95;145;6;0.54;0.101;0.311;2.9;0;1.74;14;20.3;6.4;76.2;783.3;146;451.2;6.3;20;0;12;12;14;8;14;210;8;210;0;9;0.3;#¿NOMBRE?;7;0.015;3.07;59.8;-0.02;60.9
82024;14;26;13-jul-24;27-jul-24;04-ago-24;79.95;145;6;0.542;0.097;0.315;2.9;0;1.74;14;20.3;6.4;76;785.9;140.7;456.8;6.3;20;0;12;12;14;8;14;210;8;210;0;9;0.3;#¿NOMBRE?;7;0.015;3.07;59.5;-0.02;60.7
82024;15;26;16-jul-24;30-jul-24;07-ago-24;79.95;145;6;0.516;0.083;0.302;2.894;13;1.73;14;20.3;6.4;74.6;748.6;120.9;437.5;6.3;20;0.1;11.9;12;14;8;14;210;8;210;0;9;0.3;#¿NOMBRE?;7;0.015;3.07;58.2;-0.02;59.3
82024;16;26;20-jul-24;03-ago-24;11-ago-24;79.95;145;6;0.478;0.063;0.282;2.814;193;1.585;14;20.3;6.4;72.2;693.1;91.4;408.9;6.3;19.4;1.3;10.9;12.3;14;8;14;210;8;210;0;9;0.3;#¿NOMBRE?;7;0.015;3.07;54.3;-0.02;55.4
82024;17;26;22-jul-24;05-ago-24;13-ago-24;79.95;145;6;0.537;0.071;0.333;2.9;0;1.74;14;20.3;6.4;75.2;778.6;102.5;483.2;6.3;20;0;12;12;14;8;14;210;8;210;0;9;0.3;#¿NOMBRE?;7;0.015;3.07;58.2;-0.02;59.3
82024;18;26;25-jul-24;08-ago-24;16-ago-24;79.95;145;6;0.662;0.087;0.442;2.9;0;1.74;14;20.3;6.4;79.9;959.9;126.2;640.9;6.3;20;0;12;12;14;8;14;210;8;210;0;9;0.3;#¿NOMBRE?;7;0.015;3.07;61.1;-0.02;62.4
82024;19;26;28-jul-24;11-ago-24;19-ago-24;79.95;145;6;0.662;0.087;0.442;2.9;0;1.74;14;20.3;6.4;79.9;959.9;126.2;640.9;6.3;20;0;12;12;14;8;14;210;8;210;0;9;0.3;#¿NOMBRE?;7;0.015;3.07;61.1;-0.02;62.4
82024;20;26;31-jul-24;14-ago-24;22-ago-24;79.95;145;6;0.63;0.084;0.423;2.9;0;1.74;14;20.3;6.4;80.4;913.9;121.7;612.9;6.3;20;0;12;12;14;8;14;210;8;210;0;9;0.3;#¿NOMBRE?;7;0.015;3.07;61.4;-0.02;62.6
82024;21;26;03-ago-24;17-ago-24;25-ago-24;79.95;145;6;0.612;0.099;0.386;2.9;0;1.74;14;20.3;6.4;79.1;888;143.1;559.2;6.3;20;0;12;12;14;8;14;210;8;210;0;9;0.3;#¿NOMBRE?;7;0.015;3.07;61.1;-0.02;62.4
82024;22;26;05-ago-24;19-ago-24;27-ago-24;79.95;145;6;0.61;0.103;0.377;2.835;0;1.623;14;20.3;6.4;78.7;884.5;149.4;546.7;6.3;19.6;0;11.2;11.2;14;8;14;210;8;210;0;9;0.3;#¿NOMBRE?;7;0.015;3.07;59.4;-0.02;60.6
82024;23;26;09-ago-24;23-ago-24;31-ago-24;79.95;145;6;0.61;0.103;0.377;2.874;0;1.693;14;20.3;6.4;78.7;884.5;149.4;546.7;6.3;19.8;0;11.7;11.7;14;8;14;210;8;210;0;9;0.3;#¿NOMBRE?;7;0.015;3.07;60.4;-0.02;61.6
92024;24;26;12-ago-24;26-ago-24;03-sept-24;79.95;145;6;0.61;0.103;0.377;2.9;0;1.74;14;20.3;6.4;78.7;884.5;149.4;546.7;6.3;20;0;12;12;14;8;14;210;8;210;0;9;0.3;#¿NOMBRE?;7;0.015;3.07;61.1;-0.02;62.4
92024;25;26;15-ago-24;29-ago-24;06-sept-24;79.95;145;6;0.61;0.103;0.377;2.9;0;1.74;14;20.3;6.4;78.7;884.5;149.4;546.7;6.3;20;0;12;12;14;8;14;210;8;210;0;9;0.3;#¿NOMBRE?;7;0.015;3.07;61.1;-0.02;62.4
92024;26;26;18-ago-24;01-sept-24;09-sept-24;79.95;145;6;0.61;0.103;0.377;2.9;0;1.74;14;20.3;6.4;78.7;884.5;149.4;546.7;6.3;20;0;12;12;14;8;14;210;8;210;0;9;0.3;#¿NOMBRE?;7;0.015;3.07;61.1;-0.02;62.4
92024;27;26;22-ago-24;05-sept-24;13-sept-24;79.95;145;6;0.61;0.103;0.377;2.815;0;1.587;14;20.3;6.4;78.7;884.5;149.4;546.7;6.3;19.4;0;10.9;10.9;14;8;14;210;8;210;0;9;0.3;#¿NOMBRE?;7;0.015;3.07;59;-0.02;60.2
92024;28;26;25-ago-24;08-sept-24;16-sept-24;79.95;145;6;0.61;0.103;0.377;2.9;0;1.74;14;20.3;6.4;78.7;884.5;149.4;546.7;6.3;20;0;12;12;14;8;14;210;8;210;0;9;0.3;#¿NOMBRE?;7;0.015;3.07;61.1;-0.02;62.4
92024;29;26;27-ago-24;10-sept-24;18-sept-24;79.95;145;6;0.61;0.103;0.377;2.9;0;1.74;14;20.3;6.4;78.7;884.5;149.4;546.7;6.3;20;0;12;12;14;8;14;210;8;210;0;9;0.3;#¿NOMBRE?;7;0.015;3.07;61.1;-0.02;62.4
92024;30;26;30-ago-24;13-sept-24;21-sept-24;79.95;145;6;0.61;0.103;0.377;2.9;0;1.74;14;20.3;6.4;78.7;884.5;149.4;546.7;6.3;20;0;12;12;14;8;14;210;8;210;0;9;0.3;#¿NOMBRE?;7;0.015;3.07;61.1;-0.02;62.4
92024;31;26;02-sept-24;16-sept-24;24-sept-24;79.95;145;6;0.616;0.099;0.386;2.9;0;1.74;14;20.3;6.4;78.8;893.8;144;560;6.3;20;0;12;12;14;8;14;210;8;210;0;9;0.3;#¿NOMBRE?;7;0.015;3.07;61.1;-0.02;62.3
92024;32;26;05-sept-24;19-sept-24;27-sept-24;79.95;145;6;0.624;0.095;0.397;2.9;0;1.74;14;20.3;6.4;78.8;904.8;137.8;575.7;6.3;20;0;12;12;14;8;14;210;8;210;0;9;0.3;#¿NOMBRE?;7;0.015;3.07;61;-0.02;62.2
92024;33;26;08-sept-24;22-sept-24;30-sept-24;79.95;145;6;0.624;0.095;0.397;2.857;0;1.663;14;20.3;6.4;78.8;904.8;137.8;575.7;6.3;19.7;0;11.5;11.5;14;8;14;210;8;210;0;9;0.3;#¿NOMBRE?;7;0.015;3.07;59.9;-0.02;61.1
102024;34;26;14-sept-24;28-sept-24;06-oct-24;79.95;145;6;0.624;0.095;0.397;2.851;0;1.652;14;20.3;6.4;78.8;904.8;137.8;575.7;6.3;19.7;0;11.4;11.4;14;8;14;210;8;210;0;9;0.3;#¿NOMBRE?;7;0.015;3.07;59.8;-0.02;61
102024;35;26;17-sept-24;01-oct-24;09-oct-24;79.95;145;6;0.624;0.095;0.397;2.9;0;1.74;14;20.3;6.4;78.8;904.8;137.8;575.7;6.3;20;0;12;12;14;8;14;210;8;210;0;9;0.3;#¿NOMBRE?;7;0.015;3.07;61;-0.02;62.3
102024;36;26;20-sept-24;04-oct-24;12-oct-24;79.95;145;6;0.624;0.095;0.397;2.9;0;1.74;14;20.3;6.4;78.8;904.8;137.8;575.7;6.3;20;0;12;12;14;8;14;210;8;210;0;9;0.3;#¿NOMBRE?;7;0.015;3.07;61;-0.02;62.3
102024;37;26;22-sept-24;06-oct-24;14-oct-24;79.95;145;6;0.624;0.095;0.397;2.9;0;1.74;14;20.3;6.4;78.8;904.8;137.8;575.7;6.3;20;0;12;12;14;8;14;210;8;210;0;9;0.3;#¿NOMBRE?;7;0.015;3.07;61;-0.02;62.3
102024;38;26;26-sept-24;10-oct-24;18-oct-24;79.95;145;6;0.624;0.095;0.397;2.809;0;1.575;14;20.3;6.4;78.8;904.8;137.8;575.7;6.3;19.4;0;10.9;10.9;14;8;14;210;8;210;0;9;0.3;#¿NOMBRE?;7;0.015;3.07;58.8;-0.02;59.9
102024;39;26;28-sept-24;12-oct-24;20-oct-24;79.95;145;6;0.624;0.095;0.397;2.9;0;1.74;14;20.3;6.4;78.8;904.8;137.8;575.7;6.3;20;0;12;12;14;8;14;210;8;210;0;9;0.3;#¿NOMBRE?;7;0.015;3.07;61;-0.02;62.3
102024;40;26;01-oct-24;15-oct-24;23-oct-24;79.95;145;6;0.652;0.096;0.428;2.809;0;1.575;14;20.3;6.4;80.3;945.7;139;620.2;6.3;19.4;0;10.9;10.9;14;8;14;210;8;210;0;9;0.3;#¿NOMBRE?;7;0.015;3.07;59.5;-0.02;60.7
102024;41;26;04-oct-24;18-oct-24;26-oct-24;79.95;145;6;0.853;0.102;0.646;2.9;0;1.74;14;20.3;6.4;87.7;1.236.90;147.9;936.7;6.3;20;0;12;12;14;8;14;210;8;210;0;9;0.3;#¿NOMBRE?;7;0.015;3.07;66;-0.02;67.3
102024;42;26;07-oct-24;21-oct-24;29-oct-24;79.95;145;6;0.853;0.102;0.646;2.9;0;1.74;14;20.3;6.4;87.7;1.236.90;147.9;936.7;6.3;20;0;12;12;14;8;14;210;8;210;0;9;0.3;#¿NOMBRE?;7;0.015;3.07;66;-0.02;67.3
112024;43;26;10-oct-24;24-oct-24;01-nov-24;79.95;145;6;0.853;0.102;0.646;2.9;0;1.74;14;20.3;6.4;87.7;1.236.90;147.9;936.7;6.3;20;0;12;12;14;8;14;210;8;210;0;9;0.3;#¿NOMBRE?;7;0.015;3.07;66;-0.02;67.4
112024;44;26;12-oct-24;26-oct-24;03-nov-24;79.95;145;6;0.853;0.102;0.646;2.9;0;1.74;14;20.3;6.4;87.7;1.236.90;147.9;936.7;6.3;20;0;12;12;14;8;14;210;8;210;0;9;0.3;#¿NOMBRE?;7;0.015;3.07;66;-0.02;67.4
112024;45;26;17-oct-24;31-oct-24;08-nov-24;79.95;145;6;0.853;0.102;0.646;2.809;0;1.575;14;20.3;6.4;87.7;1.236.90;147.9;936.7;6.3;19.4;0;10.9;10.9;14;8;14;210;8;210;0;9;0.3;#¿NOMBRE?;7;0.015;3.07;63.6;-0.02;64.9
112024;46;26;19-oct-24;02-nov-24;10-nov-24;79.95;145;6;0.853;0.102;0.646;2.9;0;1.74;14;20.3;6.4;87.7;1.236.90;147.9;936.7;6.3;20;0;12;12;14;8;14;210;8;210;0;9;0.3;#¿NOMBRE?;7;0.015;3.07;66;-0.02;67.4
112024;47;26;22-oct-24;05-nov-24;13-nov-24;79.95;145;6;0.853;0.102;0.646;2.9;0;1.74;14;20.3;6.4;87.7;1.236.90;147.9;936.7;6.3;20;0;12;12;14;8;14;210;8;210;0;9;0.3;#¿NOMBRE?;7;0.015;3.07;66;-0.02;67.4
112024;48;26;25-oct-24;08-nov-24;16-nov-24;79.95;145;6;0.853;0.102;0.646;2.9;0;1.74;14;20.3;6.4;87.7;1.236.90;147.9;936.7;6.3;20;0;12;12;14;8;14;210;8;210;0;9;0.3;#¿NOMBRE?;7;0.015;3.07;66;-0.02;67.4
112024;49;26;28-oct-24;11-nov-24;19-nov-24;79.95;145;6;0.853;0.102;0.646;2.899;0;1.738;14;20.3;6.4;87.7;1.236.90;147.9;936.7;6.3;20;0;12;12;14;8;14;210;8;210;0;9;0.3;#¿NOMBRE?;7;0.015;3.07;66;-0.02;67.3
112024;50;26;31-oct-24;14-nov-24;22-nov-24;79.95;145;6;0.853;0.102;0.646;2.81;0;1.578;14;20.3;6.4;87.7;1.236.90;147.9;936.7;6.3;19.4;0;10.9;10.9;14;8;14;210;8;210;0;9;0.3;#¿NOMBRE?;7;0.015;3.07;63.6;-0.02;64.9
112024;51;26;02-nov-24;16-nov-24;24-nov-24;79.95;145;6;0.661;0.106;0.455;2.9;0;1.74;14;20.3;6.4;84.9;958;153.3;660;6.3;20;0;12;12;14;8;14;210;8;210;0;9;0.3;#¿NOMBRE?;7;0.015;3.07;64.9;-0.02;66.2
112024;52;26;06-nov-24;20-nov-24;28-nov-24;79.95;145;6;0.595;0.107;0.39;2.9;0;1.74;14;20.3;6.4;83.5;862.8;155.2;565.5;6.3;20;0;12;12;14;8;14;210;8;210;0;9;0.3;#¿NOMBRE?;7;0.015;3.07;64.3;-0.02;65.6
122024;53;26;09-nov-24;23-nov-24;01-dic-24;79.95;145;6;0.595;0.107;0.39;2.9;0;1.74;14;20.3;6.4;83.5;862.8;155.2;565.5;6.3;20;0;12;12;14;8;14;210;8;210;0;9;0.3;#¿NOMBRE?;7;0.015;3.07;64.4;-0.02;65.7
122024;54;26;11-nov-24;25-nov-24;03-dic-24;79.95;145;6;0.595;0.107;0.39;2.818;0;1.593;14;20.3;6.4;83.5;862.8;155.2;565.5;6.3;19.4;0;11;11;14;8;14;210;8;210;0;9;0.3;#¿NOMBRE?;7;0.015;3.07;62.3;-0.02;63.5
122024;55;26;15-nov-24;29-nov-24;07-dic-24;79.95;145;6;0.595;0.107;0.39;2.897;0;1.735;14;20.3;6.4;83.5;862.8;155.2;565.5;6.3;20;0;12;12;14;8;14;210;8;210;0;9;0.3;#¿NOMBRE?;7;0.015;3.07;64.3;-0.02;65.6
122024;56;26;17-nov-24;01-dic-24;09-dic-24;79.95;145;6;0.595;0.107;0.39;2.9;0;1.74;14;20.3;6.4;83.5;862.8;155.2;565.5;6.3;20;0;12;12;14;8;14;210;8;210;0;9;0.3;#¿NOMBRE?;7;0.015;3.07;64.4;-0.02;65.7
122024;57;26;21-nov-24;05-dic-24;13-dic-24;79.95;145;6;0.595;0.107;0.39;2.9;0;1.74;14;20.3;6.4;83.5;862.8;155.2;565.5;6.3;20;0;12;12;14;8;14;210;8;210;0;9;0.3;#¿NOMBRE?;7;0.015;3.07;64.4;-0.02;65.7
122024;58;26;24-nov-24;08-dic-24;16-dic-24;79.95;145;6;0.595;0.107;0.39;2.9;0;1.74;14;20.3;6.4;83.5;862.8;155.2;565.5;6.3;20;0;12;12;14;8;14;210;8;210;0;9;0.3;#¿NOMBRE?;7;0.015;3.07;64.4;-0.02;65.7
122024;59;26;28-nov-24;12-dic-24;20-dic-24;79.95;145;6;0.595;0.107;0.39;2.809;0;1.575;14;20.3;6.4;83.5;862.8;155.2;565.5;6.3;19.4;0;10.9;10.9;14;8;14;210;8;210;0;9;0.3;#¿NOMBRE?;7;0.015;3.07;62;-0.02;63.3
122024;60;26;30-nov-24;14-dic-24;22-dic-24;79.95;145;6;0.595;0.107;0.39;2.9;0;1.74;14;20.3;6.4;83.5;862.8;155.2;565.5;6.3;20;0;12;12;14;8;14;210;8;210;0;9;0.3;#¿NOMBRE?;7;0.015;3.07;64.4;-0.02;65.7
122024;61;26;03-dic-24;17-dic-24;25-dic-24;79.95;145;6;0.746;0.12;0.541;2.9;0;1.74;14;20.3;6.4;88.6;1.081.10;174.3;783.9;6.3;20;0;12;12;14;8;14;210;8;210;0;9;0.3;#¿NOMBRE?;7;0.015;3.07;67.4;-0.02;68.7
122024;62;26;06-dic-24;20-dic-24;28-dic-24;79.95;145;6;0.755;0.121;0.55;2.9;0;1.74;14;20.3;6.4;88.9;1.094.80;175.5;797.5;6.3;20;0;12;12;14;8;14;210;8;210;0;9;0.3;#¿NOMBRE?;7;0.015;3.07;67.5;-0.02;68.9
122024;63;26;09-dic-24;23-dic-24;31-dic-24;79.95;145;6;0.755;0.121;0.55;2.887;0;1.716;14;20.3;6.4;88.9;1.094.80;175.5;797.5;6.3;19.9;0;11.8;11.8;14;8;14;210;8;210;0;9;0.3;#¿NOMBRE?;7;0.015;3.07;67.2;-0.02;68.5
12025;64;26;13-dic-24;27-dic-24;04-ene-25;79.95;145;6;0.755;0.121;0.55;2.822;0;1.6;14;20.3;6.4;88.9;1.094.80;175.5;797.5;6.3;19.5;0;11;11;14;8;14;210;8;210;0;9;0.3;#¿NOMBRE?;7;0.015;3.07;63.7;-0.02;65
12025;65;26;16-dic-24;30-dic-24;07-ene-25;79.95;145;6;0.755;0.121;0.55;2.9;0;1.74;14;20.3;6.4;88.9;1.094.80;175.5;797.5;6.3;20;0;12;12;14;8;14;210;8;210;0;9;0.3;#¿NOMBRE?;7;0.015;3.07;65.8;-0.02;67.1
12025;66;26;18-dic-24;01-ene-25;09-ene-25;79.95;145;6;0.755;0.121;0.55;2.9;0;1.74;14;20.3;6.4;88.9;1.094.80;175.5;797.5;6.3;20;0;12;12;14;8;14;210;8;210;0;9;0.3;#¿NOMBRE?;7;0.015;3.07;65.8;-0.02;67.1
12025;67;26;21-dic-24;04-ene-25;12-ene-25;79.95;145;6;0.755;0.121;0.55;2.9;0;1.74;14;20.3;6.4;88.9;1.094.80;175.5;797.5;6.3;20;0;12;12;14;8;14;210;8;210;0;9;0.3;#¿NOMBRE?;7;0.015;3.07;65.8;-0.02;67.1
12025;68;26;24-dic-24;07-ene-25;15-ene-25;79.95;145;6;0.755;0.121;0.55;2.809;0;1.575;14;20.3;6.4;88.9;1.094.80;175.5;797.5;6.3;19.4;0;10.9;10.9;14;8;14;210;8;210;0;9;0.3;#¿NOMBRE?;7;0.015;3.07;63.3;-0.02;64.6
12025;69;26;27-dic-24;10-ene-25;18-ene-25;79.95;145;6;0.755;0.121;0.55;2.9;0;1.74;14;20.3;6.4;88.9;1.094.80;175.5;797.5;6.3;20;0;12;12;14;8;14;210;8;210;0;9;0.3;#¿NOMBRE?;7;0.015;3.07;65.8;-0.02;67.1
12025;70;26;30-dic-24;13-ene-25;21-ene-25;79.95;145;6;0.755;0.121;0.55;2.9;0;1.74;14;20.3;6.4;88.9;1.094.80;175.5;797.5;6.3;20;0;12;12;14;8;14;210;8;210;0;9;0.3;#¿NOMBRE?;7;0.015;3.07;65.8;-0.02;67.1
