ID;p80;tms;Acid_ton;Salmu_ton;Sal_ton;Menos100;Mas19mm;Humedad_BS;tms_cdato;P80_PP;Acid_kgpt;Salmu_kgpt;Sal_kgpt;tms_cdato100;Menos100_cdato100;Mas19mm_cdato100;Humedad_BS_cdato100
144927;15.70050907;60105.24014;1307.107986;561;137;15.96858639;6.429319372;5.880665519;60105.24014;943.682868;21.74698883;9.333628793;2.279335374;60105.24014;9.597957195;3.864357848;3.534588132
144928;14.31130123;49007.76988;904.111044;468;105;18.92906834;17.2364884;6.915020233;49007.76988;701.3649574;18.44832047;9.549506153;2.142517406;49007.76988;9.276714251;8.447218572;3.388897203
144929;16.33083344;41148.86509;812.737142;0;383;14.71940814;18.12652313;3.27748563;41148.86509;671.9952618;19.75114357;0;9.307668612;41148.86509;6.056869395;7.458858549;1.34864814
144930;15.26073647;50745.60775;1103.744554;337.390625;277.5;16.89664009;17.99322893;3.772609819;50745.60775;774.4153467;21.7505436;6.648666553;5.468453572;50745.60775;8.574302706;9.130773377;1.914433781
144931;15.08495569;36458.09649;611.064118;442.828125;0;11.18632851;18.59217846;6.256306761;36458.09649;549.9687702;16.76072469;12.14622176;0;36458.09649;4.078322442;6.778354364;2.280930356
144932;15.28644419;49083.51288;940.362946;563.65625;0;15.75239692;18.02004889;6.659705302;49083.51288;750.3123801;19.15842797;11.48361674;0;49083.51288;7.731829771;8.844873017;3.26881731
144933;15.83603287;41917.40542;680.352472;339.546875;92.5;15.48054091;17.96871053;4.536006847;41917.40542;663.8054099;16.23078684;8.100379106;2.206720552;41917.40542;6.489041096;7.532017241;1.90137638
144934;14.50921631;49031.90185;1069.916926;0;798.5;18.09680008;17.41284852;6.510219531;49031.90185;711.4144699;21.82083268;0;16.28531568;49031.90185;8.873205255;8.537850794;3.19208445
144935;16.22055817;750.4480312;0;0;0;;0;;750.4480312;12.17268594;0;0;0;0;0;0;0
144936;0;0.010191819;0;0;0;;0;;0;0;0;0;0;0;0;0;0
144937;0;0;0;0;0;;0;;0;0;0;0;0;0;0;0;0
144938;0;0;0;0;0;;0;;0;0;0;0;0;0;0;0;0
144939;15.84987068;5633.29289;81.360072;0;64.5;;0;;5633.29289;89.28696382;14.44272002;0;11.44978634;0;0;0;0
144940;15.51068974;13704.27821;117.758966;93.3125;0;13.07797538;6.135430917;4.21277163;13704.27821;212.5628074;8.592861598;6.809005081;0;13704.27821;1.79224213;0.840816522;0.577329945
144941;15.8;49300.56585;987.822988;515;0;13.43022238;5.820346699;6.149584488;49300.56585;778.9489404;20.03674747;10.44612757;0;49300.56585;6.621175627;2.869463857;3.03177995
144942;15.74925041;49524.8806;1115.76115;606;0;10.89689969;11.28641698;7.797920555;49524.8806;779.9797462;22.5293052;12.23627382;0;49524.8806;5.396676559;5.589584532;3.861910844
144943;15.05460835;51401.53187;1002.595684;372.609375;45;11.87017065;5.327281578;5.236686391;51401.53187;773.8299307;19.50517129;7.248993589;0.87546029;51401.53187;6.101449551;2.738304338;2.691737024
144944;15.48273516;41977.34976;661.666114;466;70;12.83123188;6.041399771;8.006856024;41977.34976;649.9241889;15.76245565;11.10122489;1.667565971;41977.34976;5.386211084;2.536019512;3.361065958
144945;14.7695713;47489.09343;948.759864;513;90;9.584856528;5.291535213;8.296201994;47489.09343;701.3935515;19.97847917;10.80248038;1.895171996;47489.09343;4.551761471;2.512902101;3.939791116
144946;15.58379316;53717.40025;1257.185828;699;0;13.64990459;7.454388205;7.789203085;53717.40025;837.1208547;23.40369828;13.01254336;0;53717.40025;7.332373882;4.004303548;4.184157397
144947;14.73504877;36255.66183;583.521492;374;0;15.87913454;6.956533753;5.365239295;36255.66183;534.2289453;16.09463081;10.3156302;0;36255.66183;5.757085322;2.522137353;1.945203015
144948;;413.0591885;0.900326;0;0;;;;0;0;2.179653728;0;0;0;0;0;0
144949;14.8673172;21284.54449;448.068364;234.7;0;11.81691961;11.06732691;5.987055016;21284.54449;316.4440744;21.05134851;11.02678049;0;21284.54449;2.515177512;2.35563012;1.274317389
144950;15.0130415;27962.59728;515.776554;421;39;13.99351087;6.418129797;5.981489156;27962.59728;419.8036333;18.44523056;15.05582603;1.394720226;27962.59728;3.912949091;1.794675788;1.672579724
144951;13.71543407;25945.56881;165.439496;281;0;10.10891689;4.347921241;5.617044826;25945.56881;355.8547385;6.376406592;10.83036576;0;25945.56881;2.622815987;1.128092897;1.45737423
144952;16.12824059;14116.38212;107.359282;93;0;13.66982492;4.884329559;6.818873668;14116.38212;227.6724071;7.605297239;6.58809029;0;14116.38212;1.929684721;0.689490625;0.962578264
144953;14.24563932;31233.91584;435.849654;280;0;14.64716414;6.05344053;4.895104895;31233.91584;444.9470997;13.95437115;8.964614025;0;31233.91584;4.57488292;1.89072652;1.528932943
144954;15.47995806;42049.68422;928.236106;513;0;14.10731478;5.970397357;5.25617202;42049.68422;650.927348;22.07474618;12.19985381;0;42049.68422;5.932081314;2.510533235;2.210203736
144955;15.32656097;48960.46042;1062.678664;559;30;13.91205995;4.015269334;6.274407706;48960.46042;750.3954819;21.70483396;11.41737629;0.612739336;48960.46042;6.811408603;1.965894353;3.071978902
144956;14.01635504;45564.25234;921.08862;513.21875;0;15.82912043;17.8922704;7.189216176;45564.25234;638.6447378;20.21515931;11.26362716;0;45564.25234;7.212420374;8.152479237;3.2757126
144957;13.66368771;14997.00161;239.04574;138;0;17.30986311;18.86831177;5.21945433;14997.00161;204.9143465;15.93956887;9.201839381;0;14997.00161;2.595960449;2.82968102;0.78276165
244958;0;1252.087506;0;0;0;0;0;;0;0;0;0;0;0;0;0;0
244959;14.6;34526.70437;330;373;0;12;18.1294735;5.98023921;34526.70437;504.0898838;9.557819259;10.80323207;0;34526.70437;4.143204525;6.259509718;2.064779513
244960;14.3;40073.82834;809;509;0;12.9;16.08034009;7.215686275;40073.82834;573.0557453;20.18773932;12.70155663;0;40073.82834;5.169523856;6.444007884;2.891601731
244961;0;368.582386;0;0;0;;;;0;0;0;0;0;0;0;0;0
244962;0;0;0;0;0;;;;0;0;0;0;0;0;0;0;0
244963;13.9;10982.77183;271;0;175.9;12.2;8.463627495;6.012924979;10982.77183;152.6605285;24.67500956;0;16.01599329;10982.77183;1.339898164;0.929540897;0.660385831
244964;14.4;41986.92214;836;93;545.8;12.3;9.618849619;5.962219599;41986.92214;604.6116788;19.91096173;2.214975408;12.99928578;41986.92214;5.164391423;4.0386589;2.503352501
244965;14.5;31469.44133;735;326;72;15.2;5.01396648;5.210988389;31469.44133;456.3068993;23.35599136;10.35925603;2.287933848;31469.44133;4.783355083;1.57786724;1.639868934
244966;14.4;24461.92846;443;326;0;14.5;7.055368288;4.646918433;24461.92846;352.2517698;18.10977416;13.32683155;0;24461.92846;3.546979627;1.725879143;1.136725863
244967;17;21792.37715;632;139;128;12.6;5.710110414;5.16886931;21792.37715;370.4704116;29.00096651;6.378377129;5.873613471;21792.37715;2.745839521;1.244368797;1.126419494
244968;14.9;37738.70088;739;373;0;15.9;3.542541635;5.788590604;37738.70088;562.3066431;19.58202012;9.883753051;0;37738.70088;6.00045344;1.336909191;2.184538893
244969;15.1;44984.6448;1026;513;70;12.7;6.288333838;5.959509552;44984.6448;679.2681365;22.80778262;11.40389131;1.556086534;44984.6448;5.71304989;2.828784641;2.680864204
244970;15.8;52666.37381;1182;279;306;14.4;7.139614543;5.107386066;52666.37381;832.1287062;22.44316277;5.297497812;5.81015889;52666.37381;7.583957828;3.760176084;2.689875037
244971;15.1;35346.98444;679;249;166;19.6;6.501706307;5.183813806;35346.98444;533.7394651;19.20955948;7.044448174;4.696298783;35346.98444;6.92800895;2.298157117;1.832321859
244972;16.2;43700.36603;922;107;436;14.2;10.76804403;5.345329452;43700.36603;707.9459297;21.09822145;2.448492077;9.977033138;43700.36603;6.205451976;4.705674656;2.335928536
244973;17;37059.2911;543;0;471.8;15.8;13.04822459;7.872009061;37059.2911;630.0079486;14.65219609;0;12.73095049;37059.2911;5.855367993;4.835579532;2.917310753
244974;18.4;26177.52278;447;0;450.1;17.8;19.22349679;6.042375098;26177.52278;481.6664191;17.07571812;0;17.19414033;26177.52278;4.659599054;5.032235249;1.581744117
244975;16.5;35259.02645;750;0;551.1;21.6;10.60575801;5.907556479;35259.02645;581.7739364;21.27114885;0;15.63004018;35259.02645;7.615949713;3.739487023;2.082946901
244976;16.7;43541.28028;733;177;351.8;7.1;3.891215159;7.713644169;43541.28028;727.1393807;16.83459915;4.065107844;8.079688923;43541.28028;3.0914309;1.694284899;3.358619427
244977;16.5;37426.62798;873;444;0;16.6;9.281575658;5.229236854;37426.62798;617.5393616;23.32563865;11.86321141;0;37426.62798;6.212820244;3.473780792;1.957127023
244978;17.3;31389.98144;615;141;180;16.6;5.66039056;5.602579605;31389.98144;543.046679;19.59223841;4.491879049;5.73431368;31389.98144;5.21073692;1.776795546;1.758648698
244979;17.1;3205.091215;0;0;28;15.9;5.957806327;5.406152212;3205.091215;54.80705977;0;0;8.736100823;3205.091215;0.509609503;0.190953127;0.17327211
244980;15.2;30583.43198;689;280;220;13.3;6.255222094;5.20972482;30583.43198;464.868166;22.52853769;9.155283822;7.193437289;30583.43198;4.067596453;1.913061594;1.593312646
244981;14.8;50830.17487;1246;594;0;16.1;6.421263762;6.357172731;50830.17487;752.286588;24.5129985;11.685972;0;50830.17487;8.183658153;3.263939599;3.231362016
244982;15.4;45274.50278;1130;463;86;16.1;4.483643136;6.133438403;45274.50278;697.2273429;24.95886052;10.22650657;1.899523898;45274.50278;7.289194948;2.029947136;2.77688374
244983;14.5;35827.91496;791;368;62;18.2;5.00748503;6.804891015;35827.91496;519.5047669;22.07775699;10.27132057;1.730494227;35827.91496;6.520680523;1.794077478;2.438050566
244984;14.6;50547.36087;1431;698;35;16.8;17.78403538;6.153439852;50547.36087;737.9914687;28.31008336;13.80883172;0.692419928;50547.36087;8.491956627;8.98936054;3.110401448
244985;15;46330.47882;1108;598;0;17;5.637176154;5.856588662;46330.47882;694.9571823;23.91514243;12.90727001;0;46330.47882;7.876181399;2.611730704;2.71338557
344986;14.91465139;53626.87456;1201.402364;605;0;19.56379129;10.32680384;6.573679452;53626.87456;799.8261394;22.40299055;11.28165691;0;53626.87456;10.49144982;5.537942142;3.525258834
344987;14.63643932;39966.68541;794.252898;372;175;12.41306521;18.62064627;8.065799947;39966.68541;584.969966;19.87287386;9.307752098;4.37864682;39966.68541;4.961090722;7.442055117;3.223632891
344988;14.64207792;50903.06063;976.743466;561;0;13.1257908;16.14420169;5.33045977;50903.06063;745.3265802;19.18830526;11.02094831;0;50903.06063;6.681429249;8.217892772;2.713367168
344989;15.45483351;41580.53123;876.292808;420;30.5;15.41029967;17.98276622;6.40625;41580.53123;642.6201873;21.07459386;10.10088105;0.733516362;41580.53123;6.407684465;7.477329725;2.663752782
344990;14.02268505;33916.94373;678.588568;233;179.2;20.40823579;11.96136543;7.265521797;33916.94373;475.6066199;20.0073619;6.869722751;5.283494922;33916.94373;6.921849849;4.056929583;2.46424294
344991;14.2567935;36299.15213;664.844816;232.6;28.7;16.40338505;4.66854725;6.301245065;36299.15213;517.509516;18.315712;6.40786317;0.790652076;36299.15213;5.954289693;1.694643068;2.287298532
344992;14.78267527;1798.522656;0;0;0;16.33692783;4.741934364;5.232412427;1798.522656;26.58697639;0;0;0;1798.522656;0.293823348;0.085284764;0.094106123
344993;14.40422249;5995.667828;103.096514;0;66;16.34746922;4.815321477;4.16357979;5995.667828;86.36293336;17.19516774;0;11.00794805;5995.667828;0.980139953;0.288710681;0.249634414
344994;14.70588112;31271.21913;601.546386;186;199;18.73699752;6.046574055;5.09594212;31271.21913;459.870831;19.23642259;5.947961261;6.363678984;31271.21913;5.859287552;1.890837423;1.593563227
344995;14.5707674;25018.22126;762.42913;418;20;17.13462021;5.947605916;6.123145148;25018.22126;364.5346828;30.47495352;16.7078225;0.799417344;25018.22126;4.286777195;1.487985208;1.531902001
344996;0;;22.9675;0;0;17.13900369;5.685216116;6.477808427;0;0;0;0;0;0;0;0;0
344997;14.29186821;24119.52479;415.197278;280;0;15.1755062;5.422826315;6.832471706;24119.52479;344.7130696;17.21415665;11.60885227;0;24119.52479;3.66025998;1.307959937;1.647959707
344998;15.22897148;38792.90511;950.542142;465;0;22.02221613;13.59526168;7.056998837;38792.90511;590.7760456;24.50298938;11.98672795;0;38792.90511;8.543057407;5.273996964;2.737614862
344999;15.92826748;38801.67598;729.594792;453.890625;0;18.25384165;17.37650875;7.49672346;38801.67598;618.0434737;18.80317727;11.6977067;0;38801.67598;7.082796494;6.742376621;2.908854346
345000;14.4526825;35643.7099;921.253986;512.421875;0;13.85260122;18.2262818;5.585003232;35643.7099;515.1472221;25.84618685;14.37622168;0;35643.7099;4.937580991;6.496523009;1.99070235
345001;14.22451639;32482.11784;476.051966;325.3;0;16.66798446;18.15392887;6.666666667;32482.11784;462.0424177;14.65581673;10.01474108;0;32482.11784;5.414114355;5.896780569;2.165474523
345002;14.96590567;40246.59489;771.542634;464;14.7;19.95326205;17.01453358;7.758002477;40246.59489;602.3267426;19.17038289;11.52892564;0.365248291;40246.59489;8.030508547;6.847770404;3.122331829
345003;14.83846188;37253.49364;569.906358;418.1875;0;22.3776705;16.64761058;6.470625921;37253.49364;552.7845451;15.29806475;11.22545724;0;37253.49364;8.336464055;6.201816547;2.410534216
345004;15.78415871;40921.40034;927.188788;467;33;18.70958275;16.90580751;5.228884591;40921.40034;645.9098775;22.65779715;11.41212168;0.806424016;40921.40034;7.656223261;6.918093171;2.139732797
345005;14.37071133;29579.17485;578.836122;326;0;12.97216741;11.08974199;4.285714286;29579.17485;425.0737831;19.56904224;11.02126755;0;29579.17485;3.837060081;3.280254173;1.267678922
345006;17.46610641;33878.29918;741.795128;371.890625;33;17.1019268;8.018766564;7.928132514;33878.29918;591.7219787;21.89587866;10.97725193;0.974074874;33878.29918;5.793841926;2.716621727;2.685916453
345007;16.46527672;29722.35614;712.323232;373;0;15.64400355;12.56956206;6.173112009;29722.35614;489.3868186;23.9659073;12.54947617;0;29722.35614;4.649766449;3.735970001;1.834794336
345008;14.67038059;39067.17839;840.206272;419;0;12.97812487;6.948818071;5.490661915;39067.17839;573.1303757;21.50670477;10.72511549;0;39067.17839;5.070187194;2.714707152;2.145046685
345009;15.53715801;43048.83925;928.107488;466;20;8.0749676;6.140963015;6.260667184;43048.83925;668.8566177;21.55940797;10.8249144;0.464588601;43048.83925;3.476179822;2.643613297;2.695144552
345010;15.79218578;46751.88456;979.24233;615;0;14.38233264;9.146537842;6.271058241;46751.88456;738.3144467;20.94551565;13.15454993;0;46751.88456;6.724011555;4.276178813;2.93183791
345011;15.17117643;43723.37183;896.485834;140;316;13.97170904;6.910147755;5.634828189;43723.37183;663.3349883;20.50358416;3.201948847;7.227255968;43723.37183;6.108902295;3.021349597;2.463736881
345012;15.71450043;38662.98283;790.72509;0;18;13.61846584;13.71257554;3.381039916;38662.98283;607.5694602;20.45173528;0;0.465561596;38662.98283;5.265305109;5.301690725;1.307210882
345013;13.83018017;7969.75281;25.062136;0;0;13.99083584;14.40201469;3.269145912;7969.75281;110.2231173;3.144656628;0;0;7969.75281;1.115035033;1.14780497;0.260542848
345014;15.06752396;41930.98281;917.303576;0;0;14.94922104;15.09145384;3.157251908;41930.98281;631.7960881;21.87651027;0;0;41930.98281;6.268355307;6.327994916;1.323866755
345015;15.07183933;33622.26439;763.733684;0;0;14.33403431;18.21188673;2.878958568;33622.26439;506.7493668;22.71511744;0;0;33622.26439;4.819426914;6.123248705;0.967971061
345016;15.85043192;38836.59236;841.951802;325;87;14.95268522;14.70083853;4.724505327;38836.59236;615.5767632;21.67934288;8.368396408;2.240155346;38836.59236;5.807113406;5.709304732;1.834836875
445017;14.4148016;41534.12701;675.06076;466;0;20.31781084;16.93700226;5.954759811;41534.12701;598.7062004;16.25315875;11.21968929;0;41534.12701;8.438825359;7.034636031;2.473257503
445018;14.8462491;31412.16245;387.728148;187;0;12.96153351;18.50422402;2.623475798;31412.16245;466.3527886;12.34324917;5.953108141;0;31412.16245;4.071497963;5.81257691;0.824090479
445019;14.55813932;31573.42996;690.329554;468;0;18.30570814;11.65237223;2.932837124;31573.42996;459.6503924;21.86425595;14.82258977;0;31573.42996;5.779739938;3.679053586;0.925997275
445020;13.95880508;34498.99957;877.064516;468;0;13.33788334;6.919074505;5.290559681;34498.99957;481.5648106;25.42289709;13.56561077;0;34498.99957;4.601436317;2.387011484;1.825190162
445021;15.582654;23128.93426;533.139984;233.78125;0;15.11473099;7.901950035;6.187192118;23128.93426;360.41018;23.05078038;10.10773983;0;23128.93426;3.495876194;1.827636829;1.431031598
445022;14.74782658;25993.60178;608.565254;185;118;12.96218887;8.687060612;5.325754263;25993.60178;383.3491312;23.4121173;7.117136038;4.539578662;25993.60178;3.369339756;2.258079942;1.384355355
445023;15.33264923;34093.37625;732.497884;279;215;10.5518045;10.20635852;3.698804389;34093.37625;522.7417791;21.48504973;8.183407768;6.306210287;34093.37625;3.597466409;3.479692211;1.261047297
445024;14.5499754;41536.93495;825.249836;512;0;15.13675214;9.213675214;5.605063291;41536.93495;604.3613816;19.86785585;12.32637893;0;41536.93495;6.287342889;3.82707828;2.328171493
445025;14.58290005;37284.63316;708.721928;420;0;13.42368661;7.53316412;5.136564515;37284.63316;543.7180787;19.00841896;11.26469444;0;37284.63316;5.004972307;2.808712608;1.915149236
445026;14.70982981;39192.50476;668.942218;326;0;15.73141758;3.609005544;5.68602425;39192.50476;576.5150748;17.06811601;8.317916958;0;39192.50476;6.165536585;1.41445967;2.228495325
445027;16.77301121;19091.8526;295.986766;187;0;6.632635852;19.09173703;4.706320626;19091.8526;320.2278576;15.5033025;9.794754022;0;19091.8526;1.26629306;3.644966292;0.898523797
445028;15.21735668;42628.86106;939.55449;465;40.5;13.68837704;8.463781542;5.21916672;42628.86106;648.6985837;22.04033762;10.90810283;0.950060569;42628.86106;5.83519923;3.608013674;2.22487133
445029;15.18277931;44226.71788;875.998824;511;0;13.6317653;10.15005901;5.955867995;44226.71788;671.4844973;19.80700504;11.55410178;0;44226.71788;6.028882382;4.489037964;2.634084935
445030;14.95556164;38644.21815;859.425476;465;0;16.62185104;0.896312465;5.959833073;38644.21815;577.9459865;22.23943237;12.03284792;0;38644.21815;6.423384378;0.346372944;2.303130894
445031;15.58804417;26659.08752;559.874154;336.4375;0;17.27731547;4.991707765;5.968619917;26659.08752;415.5630338;21.00124971;12.61999308;0;26659.08752;4.605974652;1.330743742;1.591179608
445032;15.16610289;42335.07845;798.497292;409.484375;48;11.41789083;10.8096035;7.049983665;42335.07845;642.0581555;18.86136323;9.672460521;1.133811528;42335.07845;4.83377304;4.576254123;2.984616116
445033;15.16401577;45506.56702;1071.718672;373;202;14.97609705;7.14477763;6.594833182;45506.56702;690.0623;23.55085743;8.196619178;4.438919769;45506.56702;6.81510764;3.251343021;3.001082182
445034;15.79471731;45425.63658;861.134258;326;240;14.89644467;8.893637833;5.716262105;45425.63658;717.4850884;18.95701025;7.176564261;5.283360192;45425.63658;6.766804819;4.0399916;2.59664845
445035;16.69666481;43034.28813;883.403546;138;532.5;17.54321592;5.799494455;6.638725901;43034.28813;718.5290842;20.5278996;3.206745272;12.37385404;43034.28813;7.549598084;2.495771154;2.856928432
445036;15.45501184;39679.71196;597.008008;466;0;14.80689692;4.275662029;7.738764045;39679.71196;613.2504184;15.04567393;11.74403686;0;39679.71196;5.875334049;1.696570378;3.070719282
445037;15.06864023;40261.34709;816.705926;188;128;15.9297762;5.108429171;6.720890411;40261.34709;606.6837546;20.28511177;4.669491052;3.17922795;40261.34709;6.413542486;2.0567224;2.705921016
445038;15.55009365;47087.40073;906.720152;0;0;14.18375055;4.110552502;4.678796881;47087.40073;732.2134911;19.25610966;0;0;47087.40073;6.678759461;1.935552329;2.203123836
445039;14.44251871;38053.2882;889.57721;0;0;14.18375055;8.118715503;3.854361163;38053.2882;549.5853269;23.37714432;0;0;38053.2882;5.397383476;3.089438209;1.466711162
445040;14.44251871;181.6234206;0;0;0;14.18375055;0;;181.6234206;2.62309965;0;0;0;181.6234206;0.025761013;0;0
445041;0;0;0;0;0;0;0;;0;0;0;0;0;0;0;0;0
445042;0;0;0;0;0;0;0;;0;0;0;0;0;0;0;0;0
445043;0;0;0;0;0;0;0;;0;0;0;0;0;0;0;0;0
445044;0;0;0;0;0;0;0;;0;0;0;0;0;0;0;0;0
445045;0;0;0;0;0;0;0;;0;0;0;0;0;0;0;0;0
445046;0;0;0;0;0;0;0;;0;0;0;0;0;0;0;0;0
545047;0;0;0;0;0;0;0;;0;0;0;0;0;0;0;0;0
545048;0;0;0;0;0;0;0;;0;0;0;0;0;0;0;0;0
545049;0;0;0;0;0;0;0;;0;0;0;0;0;0;0;0;0
545050;0;0;0;0;0;0;0;;0;0;0;0;0;0;0;0;0
545051;0;0;0;0;0;0;0;;0;0;0;0;0;0;0;0;0
545052;17.12185764;12908.53797;0;47;0;13.6571258;0;;12908.53797;221.0181495;0;3.641001026;0;12908.53797;1.762935269;0;0
545053;15.82344818;28340.13223;496.226618;140;115;13.95117417;0;;28340.13223;448.4386137;17.509679;4.939991066;4.057849804;28340.13223;3.953781206;0;0
545054;15.58461285;41041.28454;835.226918;513;0;13.36307743;5.713042059;6.891120299;41041.28454;639.6125303;20.35089611;12.49960877;0;41041.28454;5.484378629;2.344705847;2.82820429
545055;15.22007179;31882.33836;716.916732;465.84375;0;14.53927091;8.938250611;6.63834307;31882.33836;485.2514787;22.48632845;14.61134201;0;31882.33836;4.635459547;2.849723303;2.116458999
545056;15.62460041;30865.27085;782.107684;326;175.9;13.10043668;6.859090425;6.598217681;30865.27085;482.2575236;25.33940777;10.5620327;5.698961815;30865.27085;4.043485264;2.117076838;2.036557759
545057;15.23826504;52945.92736;1119.34408;661;0;13.10043668;6.859090425;6.598217681;52945.92736;806.8040738;21.14126876;12.48443521;0;52945.92736;6.936147689;3.631609034;3.493487541
545058;15.3103838;35045.0789;847.849856;185;368;13.60341015;5.984777617;6.891839125;35045.0789;536.5536081;24.19312162;5.278915209;10.50076106;35045.0789;4.767325821;2.097370038;2.415250459
545059;15.40516853;33054.25586;592.230768;0;409.2;8.958524063;10.52022936;6.581371028;33054.25586;509.2063823;17.91692938;0;12.37964641;33054.25586;2.961173465;3.477383529;2.175423219
545060;13.9733572;46810.49108;912.783572;596.296875;11.5;11.70360111;9.578095035;7.069112909;46810.49108;654.0997126;19.4995513;12.73853064;0.245671424;46810.49108;5.478513152;4.483553322;3.309086467
545061;15.01986122;38021.11355;668.7926467;558.5;0;17.04453928;4.343124647;6.765743757;38021.11355;571.0718491;17.59003312;14.68920681;0;38021.11355;6.480523633;1.651304354;2.572411117
545062;15.8058548;29080.72425;668.409372;327.8;0;18.48081441;2.432458888;6.541085731;29080.72425;459.6457049;22.98461917;11.2720714;0;29080.72425;5.374354677;0.707376662;1.902195104
545063;14.16002941;9141.476141;191.82456;140;0;17.76267684;3.163690789;6.901689444;9141.476141;129.443571;20.98398082;15.31481326;0;9141.476141;1.623770866;0.289208039;0.630916294
545064;13.60842133;29616.73694;535.216246;358;0;17.0349366;3.89492269;7.262293156;29616.73694;403.0370345;18.07141169;12.08775973;0;29616.73694;5.04519236;1.153549007;2.15085426
545065;15.13055897;33171.21583;767.904582;512.71875;0;18.18974443;4.332188982;6.993641278;33171.21583;501.8990371;23.14972674;15.45673673;0;33171.21583;6.033759383;1.437039757;2.319875843
545066;15.93384075;32951.57964;647.885614;466;0;14.13020833;8.40625;6.425446591;32951.57964;525.0452225;19.66174675;14.14196239;0;32951.57964;4.656126852;2.769992164;2.117286151
545067;17.18771172;47032.9423;979.88542;653;0;13.32569285;7.053552824;6.399796022;47032.9423;808.3886533;20.83402339;13.88388581;0;47032.9423;6.26746543;3.317493429;3.01001237
545068;18.0081892;41395.34698;773.894506;420;0;15.0005223;7.280894182;7.659444614;41395.34698;745.4552406;18.6952052;10.14606787;0;41395.34698;6.209518257;3.01395141;3.170653675
545069;16.64503479;19750.47027;405.844912;279.609375;0;14.40876162;18.19633792;7.185242518;19750.47027;328.7472648;20.54862018;14.15709961;0;19750.47027;2.845798181;3.593862311;1.419119187
545070;14.32648945;34814.69408;632.745438;420;0;15.67196689;17.78028834;6.564343249;34814.69408;498.7723474;18.17466604;12.06387162;0;34814.69408;5.456147328;6.19015299;2.28535602
545071;14.03243303;26214.04357;454.352272;325;0;13.70207809;15.6896577;7.494689326;26214.04357;367.8468109;17.33239936;12.39793468;0;26214.04357;3.591868719;4.112893704;1.964661125
545072;15.11964321;32749.31961;486.855878;373;0;11.45654064;17.70221599;7.319409849;32749.31961;495.1580279;14.86613718;11.3895496;0;32749.31961;3.75193911;5.797355293;2.397056925
545073;13.39853668;29639.7888;512.08338;326;0;12.63184042;11.74037081;6.31959646;29639.7888;397.1297974;17.27689031;10.99872885;0;29639.7888;3.744050821;3.479821111;1.873115043
545074;15.92730284;56000.78482;1205.389522;698;0;12.24407832;14.68352928;7.30816078;56000.78482;891.941459;21.52451123;12.46411103;0;56000.78482;6.856779954;8.222891635;4.092627392
545075;15.66917706;49463.65315;949.733686;561;0;11.54647368;11.2787538;7.573443816;49463.65315;775.054739;19.20063775;11.34166129;0;49463.65315;5.711307694;5.578883658;3.746101981
545076;16.29195023;51697.49319;1026.683998;697;0;15.13131437;5.37799317;7.058488686;51697.49319;842.2529858;19.8594542;13.48227848;0;51697.49319;7.822510216;2.780287653;3.649061708
545077;15.59748554;53925.44552;1186.50105;514;15;13.58007426;6.520808992;5.542329302;53925.44552;841.1013568;22.00261933;9.531678322;0.278161819;53925.44552;7.323115546;3.5163753;2.988725768
645078;14.4938879;25021.48973;500.360768;93;252;15.84535217;6.420890337;5.083989891;25021.48973;362.6586673;19.99724131;3.716805074;10.07134278;25021.48973;3.964743167;1.606602416;1.272090009
645079;15.63072062;46152.04905;982.972252;0;640;12.88770404;8.598737157;4.636871508;46152.04905;721.3897845;21.29856143;0;13.86720662;46152.04905;5.947939489;3.96849339;2.140011213
645080;15.16654205;41029.60636;873.261098;0;651;11.01465234;7.959982415;4.85195961;41029.60636;622.2772503;21.28368209;0;15.86659141;41029.60636;4.519268498;3.265949451;1.990739929
645081;14.90501928;46740.0143;1042.210028;0;719;12.37891534;3.648465521;5.997915163;46740.0143;696.6608144;22.29802544;0;15.38296491;46740.0143;5.785906801;1.705293306;2.803426405
645082;15.27617598;48769.02656;1028.797008;140;410;12.31212147;1.964239291;4.12537006;48769.02656;745.0042319;21.09529512;2.870674481;8.406975265;48769.02656;6.004501792;0.957940381;2.011902821
645083;14.4410677;26673.54778;486.764008;339.984375;0;11.95346141;9.315998675;5.662772981;26673.54778;385.1945091;18.24894131;12.74612503;0;26673.54778;3.18841224;2.484907357;1.510462457
645084;14.7198391;47712.32732;969.375492;545.046875;61;15.02729316;7.577865782;8.358016742;47712.32732;702.317781;20.31708673;11.42360697;1.278495589;47712.32732;7.169871299;3.615576125;3.987804305
645085;13.27602053;34064.02016;708.538188;418;0;15.23253758;10.9602122;7.381934892;34064.02016;452.2346309;20.80019283;12.271012;0;34064.02016;5.188814671;3.733488894;2.51458379
645086;13.54065275;42987.57629;730.035768;419;0;17.66389804;9.929878405;7.392620259;42987.57629;582.0798431;16.98248264;9.747002185;0;42987.57629;7.593281647;4.268614055;3.177908273
645087;15.14510155;30652.37553;374.021144;326;0;16.17642046;9.87082041;6.696315121;30652.37553;464.2333401;12.20202798;10.63539104;0;30652.37553;4.958457148;3.02564094;2.052579658
645088;16.04945374;39501.12276;895.401768;513;0;13.08369652;11.55385573;5.881976856;39501.12276;633.9714423;22.66775487;12.98697263;0;39501.12276;5.168207025;4.563902737;2.323446899
645089;16.00188637;56455.26028;1076.514286;372;288;19.72286597;7.893974508;6.416584403;56455.26028;903.3906599;19.06844961;6.589288547;5.101384682;56455.26028;11.13459532;4.456563855;3.622499426
645090;16.20158529;1663.739196;44.0976;0;0;17.17420013;7.036561682;6.143247252;1663.739196;26.95521249;26.50511576;0;0;1663.739196;0.285733899;0.117070035;0.102207612
645091;17.52921581;7283.251503;203.161318;100;68;14.62553429;6.179148857;5.8699101;7283.251503;127.6696874;27.89431587;13.73013138;9.336489338;7283.251503;1.065214446;0.450042952;0.427520316
645092;16.14865875;46177.56047;788.409966;232;202;14.06423034;4.979129398;4.332181899;46177.56047;745.705666;17.07344342;5.024085241;4.374419046;46177.56047;6.494518471;2.299240489;2.000495916
645093;15.71436501;49611.75846;1040.51962;326;407;13.59150842;5.788207977;5.832058946;49611.75846;779.6172811;20.97324611;6.57102288;8.203700345;49611.75846;6.742986327;2.871631761;2.893386998
645094;15.67577171;35653.66905;672.76401;506;0;14.28641636;4.72773737;6.107024766;35653.66905;558.8987768;18.86941871;14.19208776;0;35653.66905;5.093631607;1.685611836;2.177378399
645095;15.17333221;45145.4752;904.9195;559;0;12.21572441;3.981878875;5.795559339;45145.4752;685.0072932;20.04452264;12.38219329;0;45145.4752;5.514846835;1.79763814;2.616432804
645096;15.6166296;48441.15098;953.647348;640.5;0;13.53138318;4.947052986;7.120480355;48441.15098;756.4875122;19.68671943;13.22222918;0;48441.15098;6.554757757;2.396409406;3.449242639
645097;15.10250187;44598.71919;735.23561;426.59375;0;11.25503451;8.717647536;9.093214965;44598.71919;673.5522399;16.48557679;9.565156977;0;44598.71919;5.019601237;3.887959144;4.055457407
645098;14.2161994;51561.43043;1086.252506;562;0;13.17541833;8.19465607;8.03016272;51561.43043;733.0075762;21.06715227;10.89962003;0;51561.43043;6.793434155;4.225281888;4.140466764
645099;14.41464949;48045.51885;965.222968;183.65625;461;18.39322781;6.494727954;6.820975227;48045.51885;692.5593136;20.08976053;3.822546918;9.595067574;48045.51885;8.837121734;3.120425743;3.277172939
645100;13.39177799;43313.72254;879.434762;403.78125;0;17.42827014;7.749150238;7.087102366;43313.72254;580.0477563;20.30383699;9.322247692;0;43313.72254;7.548832571;3.356445433;3.069687855
645101;15.11992216;56902.49725;1131.544416;476.984375;65.5;13.19398179;6.980223565;7.031606386;56902.49725;860.3613292;19.88567235;8.382485796;1.151091835;56902.49725;7.507705125;3.971921523;4.001159631
645102;14.54473782;59926.10173;1166.124284;442.46875;178.7;15.2398227;7.898084224;8.036185948;59926.10173;871.609438;19.45937163;7.383573054;2.982006085;59926.10173;9.132631654;4.733013987;4.815772967
645103;14.54530478;12249.0937;122.040108;51.5;34;16.91932565;6.210810905;7.083653476;12249.0937;178.166801;9.963194913;4.20439269;2.775715563;12249.0937;2.072464052;0.760768047;0.867683351
645104;15.435956;37921.94202;950.57889;210;294.7;18.59882861;4.523537586;6.131121004;37921.94202;585.3614284;25.06672495;5.537691079;7.771226481;37921.94202;7.053037;1.715413301;2.325040152
645105;14.35350275;12911.91462;267.415196;0;176;13.51305589;8.16370959;4.388463593;12911.91462;185.331202;20.71073143;0;13.63082123;12911.91462;1.744794239;1.054091212;0.566634672
645106;14.22829628;32538.25113;738.028458;0;585.7;11.80616149;11.2572805;4.009549891;32538.25113;462.9638775;22.68187233;0;18.0003528;32538.25113;3.841518474;3.662922201;1.304637413
645107;13.35238552;32709.26759;696.6154651;418.640625;0;12.65960869;6.031633751;5.926340066;32709.26759;436.746751;21.29718934;12.79883824;0;32709.26759;4.140865282;1.972903224;1.938462431
745108;13.08926868;27966.75796;623.264454;322;0;15.28577504;6.972616633;5.208333333;27966.75796;366.0644092;22.28590296;11.51366921;0;27966.75796;4.274935709;1.950014817;1.456601977
745109;14.40109539;41247.84017;797.394852;506;0;13.83926857;6.748052909;5.326448327;41247.84017;594.0140809;19.33179649;12.26730898;0;41247.84017;5.708399381;2.783426079;2.197044893
745110;14.15681887;45838.11962;963.642804;552;64;13.14025647;10.38870687;5.726392252;45838.11962;648.9219567;21.02273854;12.0423788;1.396217832;45838.11962;6.023246477;4.761987883;2.62487053
745111;14.45861721;43253.37827;1011.635692;580;45;14.45272596;10.62909197;8.710708578;43253.37827;625.3840395;23.38859373;13.40935722;1.040381163;43253.37827;6.251292229;4.597441357;3.767675731
745112;15.1546402;39736.10722;822.97146;500;0;11.50047474;10.13280559;8.180517623;39736.10722;602.1864078;20.71092308;12.58301416;0;39736.10722;4.569840972;4.026382492;3.250619254
745113;13.18266106;35202.66975;626.222668;138;211.5;10.48991686;6.007635058;7.919746568;35202.66975;464.0648636;17.78906749;3.920157221;6.008067045;35202.66975;3.692730788;2.114847929;2.787962229
745114;13.27144146;50290.56275;1118.0579;604.9375;190.5;14.68290565;5.809540009;7.679938252;50290.56275;667.4282596;22.2319624;12.0288473;3.787987041;50290.56275;7.38411588;2.921650364;3.862284166
745115;12.17845249;60929.06719;1346.097614;707.140625;0;15.52902004;11.63970196;5.741127349;60929.06719;742.0217501;22.09286431;11.60596506;0;60929.06719;9.461687052;7.09196183;3.49801534
745116;13.61384487;53313.7168;1126.215956;554.421875;0;2.859210047;8.746990597;6.731638053;53313.7168;725.80467;21.12431891;10.3992351;0;53313.7168;1.524351147;4.663345796;3.588886448
745117;12.55884695;29617.43471;726.250724;243.78125;82.5;9.524535509;4.098207446;6.447861481;29617.43471;371.9608296;24.52105428;8.231004893;2.785521461;29617.43471;2.820923086;1.213783914;1.909691164
745118;13.22548866;893.3008182;1.69057669;0;0;11.90608181;5.153799282;6.0506985;893.3008182;11.81433984;1.892505476;0;0;893.3008182;0.106357126;0.046038931;0.054050939
745119;13.37726307;1082.306466;21.41220621;13;0;14.28762811;6.209391118;5.65353552;1082.306466;14.47829832;19.78386611;12.01138532;0;1082.306466;0.154635923;0.067204642;0.06118858
745120;13.52903748;26876.66568;539.405518;303.8888889;0;12.59259259;3.533333333;4.468864469;26876.66568;363.6154173;20.0696591;11.30679276;0;26876.66568;3.384469012;0.949642188;1.201081763
745121;13.31;25816.08323;554.52732;278;112;12.17225623;7.826583611;5.607160953;25816.08323;343.6120678;21.4799168;10.76848093;4.338380807;25816.08323;3.1423998;2.020517339;1.447549338
745122;13.47136116;38504.55206;759.654656;347;206;14.64920015;2.918083722;9.097221949;38504.55206;518.7087271;19.72895711;9.011921486;5.35001679;38504.55206;5.640608899;1.123595066;3.502844561
745123;13.42366886;56998.51657;986.904288;520;283.5;14.38649882;4.726333748;7.069759509;56998.51657;765.1292121;17.31456093;9.123044445;4.973813654;56998.51657;8.200090917;2.693940125;4.029658045
745124;13.16759586;49129.82294;1112.508952;617.96875;190;17.16745799;6.414654816;5.94066128;49129.82294;646.9216533;22.64426952;12.57828164;3.867304798;49129.82294;8.434341715;3.151508553;2.918636369
745125;14.27992868;43096.20747;760.297746;458.15625;0;13.90239166;4.2671268;5.914093007;43096.20747;615.4107692;17.64187131;10.63101087;0;43096.20747;5.991403552;1.838969819;2.548749792
745126;13.21119642;47123.66412;909.549748;499.671875;0;14.80022893;4.202696434;6.918114797;47123.66412;622.5599829;19.30133755;10.60341729;0;47123.66412;6.974410169;1.980464552;3.260069181
745127;13.03501558;48860.6101;1022.531474;541.890625;0;11.58631921;12.34217372;6.112565445;48860.6101;636.8988141;20.92752161;11.09054152;0;48860.6101;5.661146253;6.030461377;2.986636769
745128;13.33490658;43247.63367;808.309008;497.875;0;13.6114528;7.25547706;5.571731075;43247.63367;576.7031547;18.69024822;11.51219056;0;43247.63367;5.886631242;3.13782214;2.409641844
745129;13.70250511;43837.13479;982.862008;543.328125;0;15.31729535;7.870391394;5.799283154;43837.13479;600.6785636;22.42076296;12.39424355;0;43837.13479;6.714663409;3.450154084;2.542239573
745130;13.79181862;37137.77981;832.764802;457.6875;0;14.71286914;7.945245515;5.078657253;37137.77981;512.197523;22.42365608;12.32404043;0;37137.77981;5.464032946;2.950687785;1.886100548
745131;13.4568553;41605.38961;928.217732;292.296875;174;13.85761751;6.475968443;6.129032258;41605.38961;559.8777076;22.31003581;7.025456983;4.182150476;41605.38961;5.765515757;2.694351902;2.550007751
745132;14.03831863;1618.003103;44.0976;0;0;14.63547199;5.738535814;6.73123248;1618.003103;22.71404311;27.25433586;0;0;1618.003103;0.236802391;0.092849688;0.10891155
745133;14.09517097;34064.21748;868.851338;431;0;15.41332647;5.001103185;7.333432702;34064.21748;480.1409695;25.50627616;12.65257305;0;34064.21748;5.250429049;1.703586665;2.498076464
745134;14.495224;52119.77007;1246.6759;0;1049;17.85326853;8.25994482;7.279616065;52119.77007;755.4877419;23.91944359;0;20.12671964;52119.77007;9.305082507;4.305064248;3.794119155
745135;13.07733011;44882.72996;707.068268;0;984.5;17.8747361;6.903589022;6.934755847;44882.72996;586.946276;15.75368229;0;21.93494025;44882.72996;8.022669535;3.098519218;3.11250774
745136;14.09969139;41306.73551;571.780506;0;906.5;15.53478355;5.70058338;6.924326998;41306.73551;582.4122231;13.8423068;0;21.9455735;41306.73551;6.416911953;2.354724899;2.860213439
745137;14.1333456;53464.26752;963.918414;291;569;13.98664768;5.719120448;7.575757576;53464.26752;755.6289703;18.02920827;5.442887624;10.64262219;53464.26752;7.477858732;3.057685856;4.050323297
745138;15.54586315;24454.72554;580.508156;313.609375;0;14.76071561;7.252112525;6.549118388;24454.72554;380.1698167;23.73807692;12.82408075;0;24454.72554;3.609692492;1.773484214;1.601568927
845139;0;0;0;0;0;0;0;0;0;0;0;0;0;0;0;0;0
845140;0;0;0;0;0;0;0;0;0;0;0;0;0;0;0;0;0
845141;15.05679226;1711;0;0;0;0;0;0;1711;25.76217156;0;0;0;0;0;0;0
845142;14.51007414;663.1745511;0;0;0;0;0;0;663.1745511;9.622711904;0;0;0;0;0;0;0
845143;13.96335602;53924.7091;854.409374;488.296875;0;15.16346726;5.440110827;6.475429678;53924.7091;752.9699113;15.8444874;9.055160115;0;53924.7091;8.176855607;2.933563938;3.491856617
845144;13.27734852;28467.13523;676.1632;375.859375;0;14.88008835;6.773570739;6.513019673;28467.13523;377.9680758;23.75241465;13.2032736;0;28467.13523;4.235934872;1.928241542;1.854070118
845145;15.09848499;31434.27106;572.8671331;376;0;14.46772732;7.256838906;7.379634589;31434.27106;474.6098699;18.22428559;11.96146713;0;31434.27106;4.547824621;2.281134412;2.31973434
845146;13.66818619;49593.80295;983.045748;625.3125;0;14.97148858;13.410953;5.979103472;49593.80295;677.8573325;19.82194729;12.60868219;0;49593.80295;7.424930544;6.651001603;2.965264794
845147;14.84886742;29509.65035;605.110942;334;0;14.70765065;7.426597582;5.505522515;29509.65035;438.1848856;20.50552734;11.31833133;0;29509.65035;4.340176282;2.19156298;1.624660444
845148;15.97775173;44531.51325;991.791772;420;108;14.56542998;9.145566527;5.081850534;44531.51325;711.5134629;22.27168357;9.431523193;2.425248821;44531.51325;6.486206383;4.072659169;2.263024944
845149;13.8152585;26703.26994;651.927894;377;0;14.21026575;9.97456765;5.832191259;26703.26994;368.9125771;24.4137851;14.11812114;0;26703.26994;3.794605624;2.663535725;1.557385776
845150;15.62149048;37793.29629;917.468942;334;302;14.12678204;8.640619279;7.070999493;37793.29629;590.3876181;24.2759704;8.837546148;7.99083514;37793.29629;5.338976592;3.265574845;2.672363789
845151;14.32971621;38274.89631;804.101362;0;510;14.23191149;9.734329597;4.954986886;38274.89631;548.468402;21.00858368;0;13.32466052;38274.89631;5.447249365;3.72580456;1.896516093
845152;14.01696873;33816.06813;660.067576;41;300.5;14.34204579;10.88232266;4.764505119;33816.06813;473.9987695;19.51934723;1.212441371;8.886308095;33816.06813;4.849915977;3.679973645;1.611168297
845153;15.38665676;30255.49072;810.9249813;0;613;14.03640084;18.00297049;6.166143306;30255.49072;465.5308508;26.80257243;0;20.26078525;30255.49072;4.246781953;5.446887066;1.865596916
845154;13.7176733;45230.40471;934.13416;0;701;13.9699895;12.06910799;4.974471189;45230.40471;620.4559151;20.65279243;0;15.49842422;45230.40471;6.318682788;5.458906388;2.249973451
845155;13.73934364;56562.19327;1137.093364;97;714.5;14.36594242;12.96021385;5.441237398;56562.19327;777.1274105;20.10341711;1.714926427;12.6321127;56562.19327;8.125692114;7.330581204;3.077683213
845156;14.12266445;56404.05328;1087.428442;599.953125;171.7;13.72421234;20.46270987;5.835372923;56404.05328;796.5755181;19.2792606;10.63670233;3.044107471;56404.05328;7.741012042;11.54179778;3.291386852
845157;14.36801243;48392.40318;772.112228;453.5625;27;14.68748455;16.31725715;7.22345924;48392.40318;695.3026503;15.9552363;9.372597148;0.557938813;48392.40318;7.107626742;7.896312868;3.495605519
845158;14.07525158;41682.51932;987.124776;456.359375;0;15.36520193;14.79213791;8.020340459;41682.51932;586.6919458;23.68198449;10.94845951;0;41682.51932;6.404603261;6.165735742;3.343079961
845159;14.05388975;55799.53902;1120.924244;638;0;16.14723912;12.59256236;6.274202137;55799.53902;784.2005695;20.08841406;11.43378621;0;55799.53902;9.010084995;7.026591748;3.50097587
845160;15.08103752;52692.33277;1053.050688;291.65625;244.5;16.12840103;8.610164589;6.686654581;52692.33277;794.6550476;19.98489406;5.535079483;4.640143777;52692.33277;8.498430743;4.536896577;3.523354283
845161;14.89042187;2255.610994;0;0;0;16.12840103;5.854042738;7.662518591;2255.610994;33.58699927;0;0;0;2255.610994;0.363793987;0.132044432;0.172836612
845162;12.76203728;38315.17921;739.296264;246;337.4;16.08314563;3.097920888;8.638382601;38315.17921;488.9797453;19.2951274;6.42043193;8.805909485;38315.17921;6.162286071;1.18697394;3.309811774
845163;14.85554981;53627.67122;1278.46292;742;0;16.04658544;7.183405642;5.854355069;53627.67122;796.6685411;23.83961285;13.83614062;0;53627.67122;8.605410082;3.85229316;3.139554288
845164;15.10904503;58580.40572;1310.047826;792;0;15.87094869;5.018634767;5.834706205;58580.40572;885.0939878;22.36324262;13.51987905;0;58580.40572;9.297266134;2.939936608;3.417994568
845165;15.87286854;51697.87113;1112.91318;583;0;15.60510669;12.53034321;4.751712329;51697.87113;820.5935121;21.52725356;11.27706011;0;51697.87113;8.067507948;6.477920686;2.456534116
845166;15.28721046;47770.71024;1019.148223;628.78125;0;15.23101191;10.8219338;6.004763696;47770.71024;730.2809015;21.33416518;13.16248485;0;47770.71024;7.275962568;5.169714641;2.868518266
845167;15.11401463;48642.94142;1031.718474;646;0;15.18129447;8.3984375;6.67108314;48642.94142;735.190128;21.21003467;13.28044689;0;48642.94142;7.384628174;4.085247033;3.245011064
845168;14.65001392;53568.616;1126.78555;0;820.2;15.24704525;12.20579315;6.170072512;53568.616;784.7809702;21.0344346;0;15.31120386;53568.616;8.167631119;6.538474463;3.30522245
845169;14.03524828;49141.99941;914.216744;0;677;15.21299149;8.618242393;6.486701598;49141.99941;689.7201626;18.6035724;0;13.77640324;49141.99941;7.475968189;4.235176625;3.187694861
945170;13.33146048;54243.16056;1165.775178;0;802.9;14.42825462;6.634306669;6.537224989;54243.16056;723.1405511;21.49165288;0;14.80186611;54243.16056;7.826341317;3.598657619;3.545997447
945171;15.41556406;20330.16641;436.364126;0;368;13.80995434;10.68166297;6.873847775;20330.16641;313.4009826;21.4638738;0;18.10117992;20330.16641;2.807586697;2.171599856;1.397464691
945172;14.69745159;60875.33657;1210.368876;0;957.6;13.03819888;8.153482238;6.942105945;60875.33657;894.7123123;19.88274635;0;15.73050851;60875.33657;7.937047452;4.963459754;4.226030359
945173;14.16548824;55366.8234;1077.892336;0;814.5;13.28764827;4.776944955;6.137184116;55366.8234;784.298086;19.468199;0;14.71097581;55366.8234;7.356948753;2.644842677;3.397963891
945174;13.09869337;879.3072955;0;0;0;13.28764827;0;0;879.3072955;11.51777664;0;0;0;879.3072955;0.116839261;0;0
945175;15.06511497;21365.6209;328.563868;251;50;13.74685278;5.36167822;8.524096386;21365.6209;321.8755354;15.37815678;11.74784488;2.340208142;21365.6209;2.93710045;1.145555842;1.821226119
945176;15.14770651;59618.9461;1222.826448;517;188;14.22984493;7.823528242;5.117224359;59618.9461;903.0902979;20.51070218;8.671740006;3.153360002;59618.9461;8.483683577;4.664305086;3.050835233
945177;15.93362236;52261.93716;883.440294;215;451;13.92889103;5.394615122;6.787693675;52261.93716;832.7219704;16.90408626;4.113892667;8.629607407;52261.93716;7.279508275;2.819330365;3.547380203
945178;14.2427721;60620.11586;1444.067782;368;654;14.9615178;7.804652607;6.949640288;60620.11586;863.398495;23.8215939;6.070592159;10.78849802;60620.11586;9.069689427;4.731189453;4.212879994
945179;14.15568447;54318.89415;1091.121616;383;520;14.8758733;5.717467404;6.699322864;54318.89415;768.9211265;20.08733118;7.050953558;9.573096214;54318.89415;8.080409874;3.105665068;3.638998096
945180;13.9287529;47095.35083;808.18039;317.734375;391;15.15141426;7.471938297;5.618145191;47095.35083;655.9795044;17.16051321;6.746618708;8.302305707;47095.35083;7.135611703;3.518935555;2.645885188
945181;14.88442707;36438.63044;800.022334;140;495;15.62463187;8.006906603;6.838565022;36438.63044;542.3681374;21.95533488;3.842076343;13.58448421;36438.63044;5.693401866;2.917607107;2.491879436
945182;13.91059494;32112.3436;602.795818;113.5;456;16.10102304;6.601061858;5.028049034;32112.3436;446.7018044;18.77146762;3.534466416;14.20014701;32112.3436;5.170415843;2.119755665;1.614624382
945183;14.00296497;58579.84804;1161.990134;492.3125;66;16.61762235;4.671494041;3.909935668;58579.84804;820.2915603;19.83600458;8.404127297;1.126667313;58579.84804;9.734577923;2.736554111;2.290434373
945184;15.11851931;58590.15247;1090.77251;349.53125;221.5;17.32114013;4.262343676;4.838943703;58590.15247;885.7963512;18.61699388;5.965699615;3.780498781;58590.15247;10.14848241;2.497313658;2.835144493
945185;13.48561049;4105.781633;0;0;0;17.32114013;0;0;4105.781633;55.36897184;0;0;0;4105.781633;0.71116819;0;0
945186;14.03655529;25956.39751;508.298336;355.59375;0;17.54145577;4.712733385;6.79500255;25956.39751;364.3384088;19.58277668;13.69965727;0;25956.39751;4.55312999;1.223255811;1.763737873
945187;14.50668716;37509.90173;748.152532;274;123.5;17.53362431;5.616515924;6.060606061;37509.90173;544.14441;19.94546766;7.304737879;3.292463971;37509.90173;6.576845248;2.106749604;2.273327378
945188;14.04093266;65374.50361;1276.496902;531;66.5;17.63508254;3.635941865;7.820151358;65374.50361;917.9190026;19.52591349;8.12243261;1.017216137;65374.50361;11.52884767;2.376978946;5.112385132
945189;14.11826372;39767.67174;791.901026;278;260;17.79131587;8.457670431;5.89867526;39767.67174;561.4504772;19.91318554;6.990602865;6.537973903;39767.67174;7.075192092;3.363418614;2.345765814
945190;15.1957407;52240.17915;1033.666118;387.5;345;17.68518155;7.883012737;6.212033555;52240.17915;793.8282165;19.7868027;7.417662157;6.604112114;52240.17915;9.238770526;4.118099976;3.245177458
945191;13.75675297;30201.64019;749.29172;313;216;17.72080444;9.186351706;5.344647908;30201.64019;415.4765033;24.80963667;10.36367555;7.151929453;30201.64019;5.351973596;2.774428889;1.614171331
945192;;;;;;;;;;;;;;;;;
945193;14.88157368;58396.33958;1236.423208;422;575;17.75444776;5.553033742;5.229053647;58396.33958;869.0294299;21.17295736;7.226480342;9.846507575;58396.33958;10.3679476;3.242768441;3.053575924
945194;13.8470149;55070.03568;1225.45393;449.328125;381;17.481312;5.888080212;7.476574701;55070.03568;762.5556049;22.25264456;8.159212527;6.918462922;55070.03568;9.626964756;3.242567874;4.117352356
945195;13.57842302;43026.32937;730.880972;355;189;17.46354267;4.284971399;6.706314058;43026.32937;584.2297014;16.98683068;8.250761921;4.392659164;43026.32937;7.51392139;1.843665908;2.885480775
945196;13.06779003;36927.06414;771.652878;203.734375;331.4;17.3668437;5.409605609;7.437964873;36927.06414;482.5551207;20.89667554;5.517210202;8.974447542;36927.06414;6.413065512;1.997608533;2.746622059
945197;14.48018932;58739.32834;1271.444052;81;938.2;17.25457241;12.58486169;7.182038525;58739.32834;850.5565951;21.64553269;1.378973888;15.97226299;58739.32834;10.13521994;7.392263228;4.218681191
945198;14.10240364;48616.81321;974.850944;151.703125;616.4;17.38969682;9.102180057;5.671217644;48616.81321;685.6139235;20.05172449;3.120383978;12.67874135;48616.81321;8.454316418;4.425189876;2.757165288
945199;13.56307983;37175.49485;690.145814;414.359375;0;17.0159784;2.705472534;7.443579253;37175.49485;504.2142046;18.56453604;11.14603522;0;37175.49485;6.325774174;1.005772803;2.767187422
1045200;15.00329304;42717.38216;696.723706;339.875;0;8.967807869;4.969340828;6.781110234;42717.38216;640.9014024;16.31007498;7.956363026;0;42717.38216;3.830812759;2.122772312;2.896712774
1045201;15.38832474;24202.62638;489.336368;255;0;13.64213066;7.134091807;7.255139057;24202.62638;372.4378743;20.21831682;10.53604662;0;24202.62638;3.301753914;1.726637586;1.755934199
1045202;15.11634874;47738.71995;955.154016;451;49.5;14.49495444;8.229646321;7.588689806;47738.71995;721.6351393;20.00795197;9.447257918;1.036894162;47738.71995;6.919705708;3.92872781;3.622743374
1045203;16.08045769;53016.74256;1185.012756;568;286.5;15.13500533;3.290988753;5.461673651;53016.74256;852.5334855;22.35167041;10.71359673;5.403953283;53016.74256;8.024086815;1.744775035;2.895601459
1045204;15.3500185;52711.48861;1144.494325;0;832;13.51220985;10.19567492;4.10520962;52711.48861;809.1223254;21.71242655;0;15.78403536;52711.48861;7.122486957;5.374292023;2.163917101
1045205;15.76460171;55558.94248;1178.986084;458;535;12.91899173;7.173369251;6.837486837;55558.94248;875.8645995;21.22045581;8.243497438;9.629412947;55558.94248;7.177655182;3.985448096;3.798835379
1045206;14.69847441;60021.42899;1289.909922;686;148;16.34940231;7.917439806;5.89624382;60021.42899;882.2234379;21.49082326;11.42925138;2.465786012;60021.42899;9.813144898;4.752160511;3.539009797
1045207;15.12747002;46406.23301;897.514778;350;372;14.32652422;13.74735853;6.375368214;46406.23301;702.0088985;19.34039287;7.542090303;8.016164551;46406.23301;6.648400213;6.379631235;2.958568229
1045208;13.98768711;58322.51764;1263.745346;336;685.6;17.04952267;16.61055234;6.543067378;58322.51764;815.7971283;21.66822348;5.76106817;11.75532243;58322.51764;9.943710869;9.687692316;3.816081626
1045209;14.27250576;47569.98811;1041.199458;480;251;25.45247042;18.55101799;6.221198157;47569.98811;678.9429293;21.88773845;10.09039563;5.276436047;47569.98811;12.10773715;8.824717052;2.959423223
1045210;14.02367353;56694.90172;1138.067186;302.1875;531.6;20.27683549;1.309534031;7.032286599;56694.90172;795.0707928;20.07353662;5.3300648;9.37650448;56694.90172;11.49593196;0.742439032;3.986947976
1045211;10.6467824;27546.73184;403.199056;81;228.7;26.80108706;4.493108263;8.291942605;27546.73184;293.2840597;14.63691077;2.940457709;8.302255284;27546.73184;7.382823583;1.237704485;2.284159194
1045212;14.72080994;30935.01802;642.44691;462.3;78.3;23.8575544;5.473964637;4.558071585;30935.01802;455.3885206;20.76762683;14.94422921;2.531112151;30935.01802;7.380338752;1.693371947;1.410040266
1045213;14.53199816;64265.54356;1322.964748;724;142.7;19.26039584;15.12336873;6.494165398;64265.54356;933.9067606;20.58591081;11.26575704;2.220474489;64265.54356;12.37779808;9.719115117;4.173510693
1045214;14.69748402;60436.36503;1210.534242;683;61.5;17.36474183;17.56673742;7.689467368;60436.36503;888.262509;20.02989825;11.30114294;1.017599255;60436.36503;10.49461876;10.61669755;4.647234568
1045215;15.48014355;60042.94189;1127.814494;426;297;17.24755416;8.534241789;7.038123167;60042.94189;929.4733595;18.78346494;7.094922177;4.946459827;60042.94189;10.35593892;5.124209838;4.225896204
1045216;7.752680302;0;44.0976;0;0;0;0;0;0;0;0;0;0;0;0;0;0
1045217;9.523554325;0;0;0;0;0;0;0;0;0;0;0;0;0;0;0;0
1045218;14.80137825;27973.86699;510.0934699;294;83.3;12.62161451;8.729950039;6.595336953;27973.86699;414.0517864;18.23464272;10.50980903;2.977779226;27973.86699;3.530753656;2.442104612;1.844970787
1045219;13.88820601;53916.88086;1065.857366;637;242.3;16.22508201;5.273782488;7.140042557;53916.88086;748.8087485;19.76852795;11.81448166;4.493954326;53916.88086;8.748058136;2.843459021;3.849688239
1045220;14.12850285;58122.45835;1140.93353;719;12;16.66666667;6.697772426;5.989711789;58122.45835;821.1833183;19.62982231;12.3704334;0.206460641;58122.45835;9.687076392;3.892909989;3.48136774
1045221;14.49851179;62047.35146;1243.9198;640;201.5;15.56585278;4.827472254;6.802360775;62047.35146;899.5942567;20.04791132;10.31470296;3.247519761;62047.35146;9.658199383;2.995318676;4.220684697
1045222;15.12944221;52497.45545;1006.637964;597;150.3;12.54793981;7.257147403;5.988100569;52497.45545;794.2572187;19.17498582;11.37197974;2.862995905;52497.45545;6.587349113;3.809817725;3.143600429
1045223;14.52493763;59206.06296;1028.944;549.46875;200.5;16.79892682;4.667377276;6.416386663;59206.06296;859.9643718;17.37903094;9.28061625;3.386477499;59206.06296;9.945983192;2.763370328;3.798889928
1045224;14.46163559;56365.41998;1083.404536;640;27;17.03493266;6.492003367;6.274281274;56365.41998;815.1361636;19.22108513;11.3544794;0.4790171;56365.41998;9.601811337;3.659244963;3.536524991
1045225;14.46796703;54788.37993;1019.84887;725;4;14.21795953;12.1363828;9.056538864;54788.37993;792.6764746;18.61432792;13.23273294;0.073008182;54788.37993;7.789789684;6.649327518;4.961930922
1045226;15.08800364;57946.18552;1262.679654;768;32.3;14.74664852;6.686494238;7.404347273;57946.18552;874.2922578;21.79055692;13.25367655;0.55741374;57946.18552;8.545120312;3.874568356;4.290536807
1045227;15.88992214;46739.41179;794.197776;555;40;13.91159473;7.351486437;6.920504245;46739.41179;742.6856143;16.99203618;11.87434712;0.855808802;46739.41179;6.502197548;3.436041519;3.234602977
1045228;14.96374226;53600.41461;862.824666;554;39.8;14.35538592;5.571458863;6.728612624;53600.41461;802.062789;16.0973506;10.33574095;0.74253157;53600.41461;7.694546372;2.986325051;3.606564264
1045229;15.32409334;58245.21462;1112.214968;683;25.3;18.53809517;6.053582449;6.760503306;58245.21462;892.5551056;19.09538793;11.72628523;0.434370449;58245.21462;10.79755332;3.52592209;3.93766966
1045230;15.30455494;57720.97631;1206.675702;598;76.1;16.98489275;5.576317637;7.151054368;57720.97631;883.393853;20.90532384;10.36018512;1.318411518;57720.97631;9.803845923;3.218704982;4.127658398
1145231;15.16530228;53502.77444;1103.285204;128;684;12.81685112;14.43234559;4.369114878;53502.77444;811.385747;20.62108396;2.392399298;12.78438375;53502.77444;6.857370947;7.721705308;2.337597678
1145232;15.14814377;50498.21906;1014.446914;645;79.8;14.73582885;9.892578081;4.411951685;50498.21906;764.9542824;20.08876616;12.77272767;1.580253749;50498.21906;7.441331132;4.99557575;2.227957027
1145233;15.2206459;41057.63363;749.824566;472;148;13.0542407;11.59883001;6.470674059;41057.63363;624.9237032;18.26273216;11.49603516;3.604688992;41057.63363;5.359762318;4.762205132;2.656705649
1145234;15.12822199;51079.25032;996.624134;598;174.3;14.60817283;9.538367472;6.443217666;51079.25032;772.7382378;19.51133049;11.7072979;3.412344522;51079.25032;7.461745167;4.872126597;3.29114728
1145235;15.93015575;43191.75485;683.898654;429;6.5;13.61347991;11.41477448;6.407575944;43191.75485;688.0513821;15.83400944;9.932451262;0.150491686;43191.75485;5.879900871;4.93024141;2.767544494
1145236;13.45194197;30.8896346;0;0;0;13.75863115;0;;30.8896346;0.415525572;0;0;0;30.8896346;0.004249991;0;0
1145237;14.042171;935.8866938;42.2602;0;30;13.99342796;0;;935.8866938;13.14188099;0;0;32.05516245;935.8866938;0.13096263;0;0
1145238;14.042171;32219.29852;683.108572;80;501.2;11.71001495;18.76432486;3.909409544;32219.29852;452.4288994;21.20184496;2.482983915;15.55589423;32219.29852;3.772884673;6.045733843;1.259584332
1145239;14.83011723;51347.77205;988.79681;690.75;10.1;16.21082606;6.481657577;6.653326663;51347.77205;761.4934788;19.25685907;13.45238503;0.196697921;51347.77205;8.323898016;3.328186758;3.416335009
1145240;14.64783525;47975.24309;610.20054;639;34.74;17.55098695;5.041061082;7.211538462;47975.24309;702.7334571;12.71907135;13.31936972;0.72412348;47975.24309;8.420128655;2.418461308;3.459753107
1145241;15.09833097;43413.80511;760.22425;629;68.84;11.14395263;6.717582497;6.753782669;43413.80511;655.4759984;17.51111767;14.48847892;1.585670729;43413.80511;4.838013875;2.916358174;2.932074045
1145242;15.01896191;51931.07525;1016.100574;737;31.8;17.04572937;7.423530278;8.468677494;51931.07525;779.950841;19.56633035;14.19188793;0.612350117;51931.07525;8.852030545;3.855119095;4.397875282
1145243;15.46122932;53484.66819;1171.80185;725;44.4;16.42920776;7.223805282;5.934177953;53484.66819;826.9387202;21.90911694;13.55528649;0.830144441;53484.66819;8.787107257;3.863628285;3.173875388
1145244;15.65676975;39611.91544;885.590052;256;380.6;15.74701001;10.30726307;4.648819804;39611.91544;620.1946396;22.35665814;6.46270187;9.608220045;39611.91544;6.237692288;4.08290433;1.84148657
1145245;15.57818317;42271.07937;879.030534;303;363;15.98452962;7.466926037;6.423026219;42271.07937;658.5066174;20.79508134;7.168021364;8.587431535;42271.07937;6.756833202;3.156350231;2.715082511
1145246;14.90046835;47574.31047;1038.553602;638;42.5;14.66143393;5.699390815;5.135708538;47574.31047;708.8795074;21.83013462;13.41059899;0.893339274;47574.31047;6.975076096;2.711445881;2.443277925
1145247;15.17478657;56890.87678;1232.105318;768;21;17.00258676;5.992670834;6.604651163;56890.87678;863.3069127;21.65734451;13.49952828;0.369127726;56890.87678;9.672920685;3.40928298;3.757443955
1145248;14.44197369;51868.85479;1136.817754;759;0;19.06707854;10.28713023;8.741286756;51868.85479;749.088636;21.91715546;14.63305876;0;51868.85479;9.889875282;5.335816643;4.534005334
1145249;14.7673173;21917.43173;345.688436;214;0;15.43730037;6.567900849;6.505159264;21917.43173;323.6616686;15.77230582;9.763917719;0;21917.43173;3.383459768;1.439515184;1.42576384
1145250;16.5568409;1740.873613;29.729132;42;0;14.00242482;0;;1740.873613;28.82336743;17.07713402;24.12581803;0;1740.873613;0.243764519;0;0
1145251;14.3994627;33917.11522;674.3258;380;165;12.56754928;6.315614991;8.855992728;33917.11522;488.3882355;19.88157883;11.20378303;4.864800527;33917.11522;4.26255017;2.142074414;3.003697258
1145252;17.14535904;54020.25802;1142.623938;810;10.7;16.38244031;8.634194133;5.491698595;54020.25802;926.1967191;21.1517675;14.99437488;0.198073841;54020.25802;8.849836526;4.664213948;2.966629751
1145253;15.34618282;36444.49159;643.034878;409;6.5;13.70597243;7.996062131;9.612568233;36444.49159;559.2838309;17.64422687;11.22254646;0.178353428;36444.49159;4.995071972;2.914124191;3.503251622
1145254;14.48017883;50734.13928;1040.33588;469;386.3;13.83627608;7.372926699;7.977354606;50734.13928;734.6394097;20.50563772;9.244268389;7.6142023;50734.13928;7.019715579;3.7405909;4.047242197
1145255;14.5751524;35368.82222;546.277394;474;0;14.64156294;6.204095556;7.91452315;35368.82222;515.505974;15.4451678;13.40163371;0;35368.82222;5.178548368;2.194315528;2.799273623
1145256;0;3966.860019;0;0;0;14.06127049;0;;0;0;0;0;0;3966.860019;0.557790917;0;0
1145257;0;0;0;0;0;14.17970317;0;;0;0;0;0;0;0;0;0;0
1145258;7.690240145;19345.95007;338.890056;256;16.8;13.6543402;6.204095556;7.91452315;19345.95007;148.7750019;17.51736434;13.23274375;0.868398809;19345.95007;2.641561838;1.200241229;1.531139697
1145259;14.50308418;36780.28407;694.849558;162;302;14.22014969;3.673722881;6.332205938;36780.28407;533.4275562;18.89190297;4.404533681;8.210920813;36780.28407;5.23021145;1.351205712;2.329003332
1145260;15.06734467;131.1761727;3.39919;0;0;0;0;0;131.1761727;1.976476606;25.91316647;0;0;0;0;0;0
1245261;0;0;0;0;0;0;0;0;0;0;0;0;0;0;0;0;0
1245262;0;0;0;0;0;0;0;0;0;0;0;0;0;0;0;0;0
1245263;0;0;0;0;0;0;0;0;0;0;0;0;0;0;0;0;0
1245264;0;0;0;0;0;0;0;0;0;0;0;0;0;0;0;0;0
1245265;0;0;0;0;0;0;0;0;0;0;0;0;0;0;0;0;0
1245266;0;0;0;0;0;0;0;0;0;0;0;0;0;0;0;0;0
1245267;0;0;0;0;0;0;0;0;0;0;0;0;0;0;0;0;0
1245268;0;0;0;0;0;0;0;0;0;0;0;0;0;0;0;0;0
1245269;0;2.69296E-12;0;0;0;0;0;0;0;0;0;0;0;0;0;0;0
1245270;0;0;0;0;0;0;0;0;0;0;0;0;0;0;0;0;0
1245271;19.36249924;20741.5677;404.2754909;277;38.8;13.39629845;3.393596967;8.829227789;20741.5677;401.6085889;19.49107689;13.35482467;1.870639701;20741.5677;2.778602313;0.703885213;1.83132026
1245272;13.00875854;28563.97658;670.00791;554;0;14.03002736;5.901930331;6.529904652;28563.97658;371.5818745;23.45639474;19.39505861;0;28563.97658;4.007533731;1.685825998;1.865200436
1245273;14.57199764;35438.69689;864.165968;641;0;15.54084678;3.947621275;6.264161002;35438.69689;516.4126075;24.38481219;18.08757252;0;35438.69689;5.507473583;1.398985538;2.21993703
1245274;14.07225323;54107.30956;1080.75868;655;0;11.43560873;6.861365236;6.749913285;54107.30956;761.4117616;19.97435631;12.10557326;0;54107.30956;6.187500213;3.712500128;3.652196476
1245275;13.02480745;38576.65004;760.169128;516;0;15.3673085;4.194572345;6.739876458;38576.65004;502.453439;19.70542095;13.37596705;0;38576.65004;5.92819282;1.618125495;2.600018555
1245276;13.2787981;34763.01292;884.652978;434;120.9;14.9457278;6.367937657;7.314696845;34763.01292;461.61103;25.44811004;12.48453352;3.477834338;34763.01292;5.195585287;2.21368699;2.542809009
1245277;13.93180561;56628.06774;1384.168542;814;0;17.17026952;6.293785994;6.795262267;56628.06774;788.9312319;24.44315332;14.37449718;0;56628.06774;9.723191856;3.564049396;3.84802572
1245278;13.66710854;54112.33493;1150.928986;714;0;15.86921819;7.415855368;10.34412543;54112.33493;739.5591546;21.26925381;13.19477345;0;54112.33493;8.587204495;4.012892494;5.597447799
1245279;14.5253849;40756.50601;934.813998;387;73.5;14.38586206;8.349349206;8.801397474;40756.50601;592.0039371;22.93655883;9.495416508;1.803393058;40756.50601;5.863174737;3.402903011;3.587142091
1245280;13.42242956;48414.74698;1056.22939;298;440;16.44767958;9.737443124;7.775674088;48414.74698;649.8435311;21.81627409;6.155149382;9.088140028;48414.74698;7.963102453;4.714358451;3.764572936
1245281;14.40000534;55134.29423;1246.124509;646;26;14.43428956;10.52724151;7.35235302;55134.29423;793.9341313;22.60162257;11.71684537;0.47157582;55134.29423;7.958243677;5.80412031;4.053667946
1245282;13.80210257;25789.80161;488.47279;335;7.2;14.06836865;9.194113228;6.539116761;25789.80161;355.953487;18.94054081;12.98963075;0.279180124;25789.80161;3.628204366;2.371143562;1.68642524
1245283;13.7167635;61065.90714;1248.439804;830;4.2;13.76457247;8.922226738;8.318502406;61065.90714;837.626606;20.44413753;13.59187211;0.068778148;61065.90714;8.405461043;5.448438695;5.079768955
1245284;13.76104641;46580.12373;1017.790982;546;20.2;14.48370798;7.803415709;7.691803279;46580.12373;640.9912445;21.850328;11.72173786;0.433661364;46580.12373;6.746529096;3.634840693;3.582851485
1245285;13.22285843;51839.44304;1126.565062;667;29.9;15.8595449;4.683604731;7.22716249;51839.44304;685.4656163;21.73181261;12.86665058;0.576780888;51839.44304;8.221499745;2.427954607;3.746520782
1245286;14.66076946;53147.01004;1079.178516;569;9.3;15.46448636;6.500802568;6.589094845;53147.01004;779.1760618;20.30553582;10.70615261;0.174986326;53147.01004;8.218912116;3.454982193;3.501906899
1245287;13.83025503;29249.45823;668.923844;347;133;14.93786998;6.255666364;6.739721513;29249.45823;404.5274669;22.86961484;11.8634676;4.547092768;29249.45823;4.369246041;1.829748521;1.971332029
1245288;13.95027304;49196.32866;1184.902512;85;637;16.66666667;7.649003202;4.936418227;49196.32866;686.3022173;24.08518164;1.727771204;12.94812067;49196.32866;8.199388111;3.763028755;2.428536535
1245289;12.87197304;46343.8715;904.019174;470;101;15.66591422;3.037729765;6.864392539;46343.8715;596.5370644;19.50676853;10.14157827;2.179360436;46343.8715;7.260191155;1.407801578;3.181225257
1245290;13.93624592;35974.11689;804.560712;212;350;14.53726073;3.298643375;7.441597589;35974.11689;501.3441397;22.36498854;5.8931259;9.729217288;35974.11689;5.229651169;1.186657824;2.677049015
1245291;13.93624592;35569.57833;509.933622;0;467.8;13.5775586;1.88292558;6.423919479;35569.57833;495.7063908;14.33622905;0;13.1516881;35569.57833;4.829480342;0.669748689;2.284961071
